id,ground_truth,CNM,Combo,Leiden,Louvain,Paris,RB-C,RB-ER,Significance,Eigenvector,RSC-K,RSC-SSE,RSC-V,Spectral,Deepwalk,Fairwalk,Node2Vec,Infomap,Spinglass,Walktrap,Fluid,Label Propagation,EM,SBM,SBM - Nested
0,1,1,0,0,6,0,1,0,4,6,17,8,5,0,3,41,21,0,0,0,4,0,0,17,5
1,1,1,0,0,6,0,1,0,4,6,24,1,5,0,3,17,7,0,0,0,26,0,0,26,5
2,25,2,1,1,1,0,2,0,2,2,11,39,29,0,0,0,36,2,2,0,30,0,0,39,41
3,25,1,1,1,1,0,2,0,2,2,6,11,4,0,25,1,36,2,2,1,1,0,0,51,41
4,1,1,0,0,6,0,1,0,0,0,20,8,5,0,3,2,7,0,0,0,4,0,0,16,23
5,1,1,0,0,6,0,1,0,4,6,20,2,5,0,3,2,21,0,0,0,4,0,0,17,5
6,25,1,2,2,3,0,3,0,0,5,0,1,14,0,0,0,0,0,1,0,27,0,0,57,41
7,4,1,2,2,3,0,3,0,5,1,39,31,2,0,5,4,8,0,1,2,24,0,0,28,28
8,1,1,0,0,6,0,1,0,4,6,17,8,5,0,3,2,7,0,0,0,4,0,0,33,5
9,1,1,0,0,6,0,1,0,4,6,17,8,5,0,3,2,7,0,0,0,4,0,0,16,5
10,20,0,1,1,1,0,2,0,29,2,28,20,17,0,24,31,15,2,2,1,29,0,0,24,15
11,16,4,6,6,7,0,7,3,12,7,13,14,14,0,17,19,18,9,5,7,15,0,0,12,17
12,7,1,4,3,4,0,4,0,3,1,3,4,6,0,18,33,33,4,1,4,2,0,0,4,24
13,1,1,0,0,6,0,1,34,85,6,0,2,5,0,3,41,21,0,0,0,4,0,0,17,5
14,15,1,0,0,6,0,1,0,40,6,24,3,5,0,11,2,10,0,0,0,4,0,0,16,5
15,0,1,4,3,4,0,4,8,22,1,23,2,8,0,20,11,29,5,1,4,20,0,0,2,25
16,36,1,0,0,6,0,1,0,0,0,0,15,0,0,1,15,6,0,0,0,0,0,0,37,16
17,1,1,4,3,6,0,1,0,4,6,25,2,5,0,31,41,21,0,1,0,4,0,0,17,35
18,0,1,4,3,4,0,4,0,15,1,25,2,8,0,31,11,24,5,1,4,19,0,0,23,7
19,1,1,0,0,6,0,1,0,4,6,17,8,5,0,3,2,7,0,0,0,4,0,0,26,23
20,1,1,0,0,6,0,1,0,4,6,20,8,5,0,3,2,21,0,0,0,4,0,0,17,5
21,1,1,0,0,6,0,1,0,4,6,20,8,5,0,3,2,7,0,0,0,4,0,0,16,5
22,1,1,0,0,6,0,1,0,4,6,11,8,5,0,3,17,7,0,0,0,4,0,0,16,5
23,1,1,0,0,6,0,1,0,4,6,17,8,5,0,3,2,7,0,0,0,4,0,0,16,5
24,1,1,0,0,6,0,1,0,0,6,20,2,5,0,3,2,21,0,0,0,4,0,0,16,23
25,19,0,1,1,1,0,2,0,11,2,8,12,10,0,10,7,12,6,2,1,17,0,0,14,19
26,1,1,0,0,6,0,1,0,4,6,17,8,5,0,3,2,7,0,0,0,4,0,0,16,5
27,7,1,4,3,4,0,4,0,3,1,3,4,6,0,30,12,2,4,1,4,2,0,0,4,8
28,14,3,5,5,5,1,6,1,1,3,40,21,1,1,4,5,32,3,4,3,23,1,0,1,2
29,39,1,0,0,6,0,1,0,4,6,17,8,5,0,3,2,7,0,0,0,4,0,0,16,5
30,36,1,0,0,4,0,0,0,0,0,11,0,0,0,6,6,2,0,0,0,0,0,0,52,16
31,1,1,0,0,6,0,1,17,4,6,17,8,5,0,3,2,7,0,0,0,4,0,0,17,5
32,1,1,0,0,6,0,1,0,4,6,20,8,5,0,3,2,21,0,0,0,4,0,0,17,5
33,1,1,0,0,6,0,1,18,4,6,20,8,5,0,3,2,21,0,0,0,4,0,0,17,5
34,1,1,0,0,6,0,1,0,4,6,17,8,5,0,3,17,7,0,0,0,26,0,0,16,5
35,7,1,4,3,4,0,4,0,3,1,24,4,6,0,18,33,2,4,1,4,2,0,0,4,24
36,7,1,4,3,4,0,4,0,3,1,3,25,22,0,38,12,33,4,1,4,32,0,0,30,39
37,7,1,4,3,4,0,4,0,3,1,25,4,6,0,18,33,2,4,1,4,2,0,0,30,24
38,1,1,0,0,6,0,1,0,4,6,17,8,5,0,3,17,7,0,0,0,4,0,0,40,23
39,14,3,5,5,5,1,6,1,1,3,26,21,1,1,14,14,3,3,4,3,16,1,0,27,37
40,31,2,0,0,6,0,1,0,4,6,17,0,5,0,3,2,7,0,0,0,4,0,0,33,23
41,3,1,2,2,3,0,3,0,18,5,32,1,9,0,28,38,31,0,1,0,27,0,0,41,22
42,1,1,4,3,4,0,4,8,34,1,0,2,8,0,22,28,24,5,1,2,32,0,0,23,29
43,9,0,0,0,0,0,1,0,0,0,29,22,15,0,26,30,34,0,0,0,14,0,0,40,31
44,7,1,4,3,4,0,4,0,33,6,24,2,6,0,18,33,21,4,1,4,26,0,0,30,24
45,36,1,0,0,0,0,0,0,0,5,11,15,0,0,33,15,6,0,0,0,0,0,0,52,30
46,37,0,0,0,0,0,0,0,0,0,21,29,0,0,19,21,22,0,0,0,22,0,0,42,30
47,1,1,0,0,6,0,1,0,4,6,20,2,5,0,3,2,21,0,0,0,4,0,0,17,5
48,38,0,0,0,0,0,1,0,0,0,1,22,0,0,26,17,34,0,0,0,0,0,0,40,31
49,36,0,0,0,0,0,0,0,0,0,11,15,0,0,33,15,6,0,0,0,36,0,0,52,30
50,6,1,0,0,0,0,1,0,47,5,0,0,15,0,11,18,10,0,0,0,40,0,0,33,31
51,5,1,2,2,3,0,3,0,0,5,9,9,9,0,9,32,9,0,1,0,11,0,0,53,40
52,36,0,0,0,0,0,0,0,0,0,11,15,0,0,33,15,6,0,0,0,0,0,0,43,16
53,23,0,0,0,0,0,0,0,0,0,1,0,0,0,23,6,6,0,0,0,0,0,0,7,1
54,35,0,0,0,0,0,1,0,0,0,0,0,0,0,6,6,6,0,0,0,33,0,0,37,26
55,15,0,0,0,0,0,1,0,0,0,2,22,7,0,26,10,34,0,0,0,7,0,0,31,4
56,15,0,0,0,0,0,1,0,9,6,2,18,7,0,7,10,34,0,0,0,7,0,0,6,4
57,4,1,2,2,3,0,3,0,10,5,9,9,9,0,9,26,9,7,1,2,11,0,0,9,10
58,1,1,0,0,6,0,1,8,49,6,0,1,5,0,3,2,7,0,0,0,4,0,0,17,5
59,1,1,0,0,6,0,1,0,4,6,17,8,5,0,3,2,7,0,0,0,4,0,0,16,5
60,4,1,2,2,3,0,3,0,5,1,24,31,2,0,31,24,40,0,1,2,5,0,0,28,35
61,40,0,0,0,0,0,0,0,0,0,1,15,0,0,33,15,6,0,0,0,0,0,0,25,16
62,6,0,0,0,0,0,0,0,0,0,1,22,30,0,6,6,4,0,0,0,0,0,0,7,1
63,4,1,2,2,3,0,3,0,0,5,22,26,2,0,37,23,20,0,1,0,5,0,0,34,33
64,0,1,4,3,4,0,4,0,20,1,22,2,8,0,22,37,24,5,1,2,20,0,0,23,25
65,1,1,0,0,6,0,1,0,4,6,20,2,5,0,3,2,21,0,0,0,4,0,0,16,5
66,1,1,0,0,6,0,1,0,4,6,20,8,5,0,3,2,21,0,0,0,4,0,0,17,5
67,0,1,4,3,4,0,4,0,15,1,27,10,8,0,22,11,41,5,1,2,19,0,0,23,29
68,4,1,2,2,3,0,3,0,5,5,4,26,2,0,37,23,20,0,1,2,5,0,0,3,6
69,23,1,0,0,6,0,1,0,0,6,1,22,31,0,6,17,4,0,0,0,18,0,0,26,23
70,6,1,4,3,6,0,1,0,33,6,24,0,5,0,18,17,7,0,1,0,26,0,0,26,5
71,6,1,3,0,2,0,0,0,24,5,1,0,0,0,28,27,31,0,0,0,6,0,0,15,22
72,15,0,0,0,0,0,1,0,9,6,2,18,7,0,7,10,5,0,0,0,7,0,0,6,4
73,4,1,2,2,3,0,3,0,90,1,39,17,2,0,5,4,20,0,1,2,24,0,0,3,6
74,6,1,5,5,6,1,1,12,205,3,0,0,5,0,11,17,10,0,4,0,26,0,0,26,5
75,23,0,0,0,6,0,0,11,91,0,11,1,0,0,6,6,28,0,0,0,18,0,0,21,1
76,31,1,0,0,6,0,1,0,294,0,11,1,5,0,3,17,7,0,0,0,26,0,0,16,5
77,23,8,0,0,6,0,1,23,114,4,0,1,5,0,11,17,7,16,0,0,26,0,0,16,5
78,21,0,1,1,1,0,2,0,2,2,6,32,4,0,25,1,1,2,2,1,1,0,0,0,15
79,21,0,1,1,1,0,2,0,2,2,6,32,4,0,2,1,1,2,2,1,8,0,0,18,15
80,21,0,1,1,1,0,2,0,2,2,6,32,4,0,2,1,1,2,2,1,1,0,0,18,15
81,26,1,3,4,2,0,5,0,6,4,33,5,3,0,0,0,0,1,3,0,37,0,0,39,34
82,22,0,1,1,1,0,2,0,2,2,15,19,4,0,2,20,16,2,2,1,1,0,0,0,0
83,22,0,1,1,1,0,2,0,2,2,15,19,4,0,2,20,16,2,2,1,1,0,0,0,0
84,21,0,1,1,1,0,2,0,2,2,12,11,4,0,2,20,16,2,2,1,8,0,0,0,0
85,21,0,1,1,1,0,2,0,2,2,15,19,4,0,2,20,16,2,2,1,1,0,0,0,0
86,21,0,1,1,1,0,2,0,2,2,6,32,4,0,2,1,1,2,2,1,1,0,0,18,15
87,21,0,1,1,1,0,2,0,2,2,6,32,4,0,2,1,1,2,2,1,1,0,0,0,0
88,36,0,0,0,0,0,0,0,0,0,11,15,0,0,33,15,4,0,0,0,0,0,0,43,30
89,21,0,1,1,1,0,2,0,2,2,12,32,4,0,2,1,1,2,2,1,8,0,0,18,15
90,36,0,2,2,0,0,1,0,0,4,34,15,16,0,0,0,0,0,0,0,0,0,0,44,34
91,20,0,1,1,1,0,2,0,2,2,28,20,17,0,24,31,16,2,2,1,29,0,0,24,38
92,20,0,3,4,2,0,5,0,7,2,28,27,11,0,24,3,14,1,3,0,6,0,0,55,38
93,38,4,1,1,1,0,2,3,28,2,6,39,21,0,25,1,36,2,2,1,30,0,0,0,0
94,36,0,0,0,0,0,0,0,0,0,11,15,32,0,33,15,4,0,0,0,34,0,0,45,26
95,10,0,3,4,2,0,5,0,0,0,19,40,11,0,21,22,13,1,3,0,12,0,0,56,43
96,22,0,1,1,1,0,2,0,2,2,15,11,4,0,2,20,16,2,2,1,1,0,0,0,0
97,28,0,1,1,1,0,2,0,2,2,15,19,4,0,2,20,16,2,2,1,1,0,0,18,15
98,28,0,1,1,1,0,2,0,2,2,15,19,4,0,2,20,16,2,2,1,1,0,0,18,15
99,21,0,1,1,1,0,2,0,2,2,12,11,4,0,2,1,1,2,2,1,8,0,0,18,15
100,21,0,1,1,1,0,2,0,2,2,12,11,4,0,2,1,1,2,2,1,8,0,0,0,0
101,17,4,6,6,7,0,7,2,8,7,5,6,12,0,36,8,11,8,5,6,10,0,0,10,14
102,19,0,1,1,1,0,2,0,11,2,8,12,10,0,10,7,12,6,2,1,17,0,0,14,32
103,36,1,4,3,0,0,4,0,0,1,11,15,0,0,1,0,0,0,0,0,18,0,0,39,34
104,37,0,0,0,0,0,0,0,13,0,21,29,0,0,19,21,22,0,0,0,22,0,0,42,16
105,17,4,6,6,7,0,7,2,8,7,5,6,12,0,27,8,11,8,5,6,10,0,0,10,36
106,32,0,1,1,1,0,2,0,2,2,12,11,4,0,2,1,1,2,2,1,8,0,0,18,15
107,21,0,1,1,1,0,2,14,2,2,6,39,21,0,25,1,36,2,2,1,30,0,0,0,0
108,21,0,1,1,1,0,2,0,2,2,6,37,4,0,25,1,1,2,2,1,1,0,0,0,0
109,21,0,1,1,1,0,2,0,2,2,6,37,4,0,25,1,1,2,2,1,1,0,0,0,0
110,21,0,1,1,1,0,2,0,2,2,6,37,4,0,25,1,1,2,2,1,1,0,0,0,0
111,22,0,1,1,1,0,2,0,2,2,15,19,4,0,2,20,1,2,2,1,1,0,0,18,15
112,22,0,1,1,1,0,2,0,0,2,15,32,23,0,2,20,16,2,2,1,1,0,0,51,15
113,14,0,0,0,0,1,0,0,0,0,1,15,0,0,23,15,6,0,0,0,0,0,0,37,26
114,20,0,1,1,1,0,2,0,2,2,28,32,4,0,2,1,1,2,2,1,29,0,0,18,15
115,28,0,1,1,1,0,2,0,2,2,15,19,35,0,2,20,16,2,2,1,1,0,0,18,15
116,17,4,6,6,7,0,7,2,8,7,5,6,12,0,27,8,11,8,5,6,10,0,0,10,14
117,21,0,1,1,1,0,2,0,2,2,12,32,4,0,2,20,16,2,2,1,1,0,0,0,0
118,22,0,1,1,1,0,2,0,2,2,15,19,4,0,2,20,16,2,2,1,1,0,0,18,15
119,21,0,1,1,1,0,2,0,2,2,12,11,4,0,2,1,1,2,2,1,8,0,0,0,0
120,38,0,0,0,7,0,0,0,0,0,37,30,14,0,35,39,4,0,0,0,18,0,0,35,26
121,21,0,1,1,1,0,2,0,2,2,15,19,4,0,2,20,16,2,2,1,1,0,0,0,0
122,1,1,4,3,4,0,4,0,93,0,11,4,6,0,41,28,2,0,1,0,2,0,0,21,23
123,16,4,6,6,7,0,7,3,12,7,13,14,14,0,17,19,18,9,5,7,15,0,0,12,17
124,10,0,3,4,2,0,5,0,0,0,19,40,11,0,34,22,13,0,3,0,12,0,0,56,43
125,38,0,0,0,7,0,0,0,0,0,37,30,26,0,35,39,4,0,0,0,18,0,0,35,26
126,21,0,1,1,1,0,2,0,2,2,6,37,4,0,2,1,1,2,2,1,8,0,0,0,0
127,26,2,3,4,2,0,5,0,6,4,33,5,3,0,8,9,25,1,3,0,9,0,0,39,34
128,28,0,1,1,1,0,2,0,2,2,15,19,24,0,24,20,36,2,2,1,1,0,0,51,38
129,21,0,1,1,1,0,2,0,2,2,6,32,33,0,2,1,1,2,2,1,8,0,0,18,0
130,34,0,0,0,0,0,0,0,0,0,1,15,0,0,33,15,4,0,0,0,0,0,0,45,30
131,22,0,1,1,1,0,2,0,2,2,15,19,4,0,2,20,16,2,2,1,1,0,0,0,0
132,25,0,0,0,0,0,0,0,31,0,1,1,0,0,6,6,4,0,0,0,37,0,0,21,1
133,36,1,2,2,2,0,5,0,0,5,34,0,3,0,0,0,0,0,3,0,37,0,0,44,30
134,14,3,5,5,5,1,6,1,1,3,18,23,1,1,14,13,3,3,4,3,3,1,0,27,18
135,1,4,1,1,1,0,2,14,28,2,6,39,21,0,25,1,36,2,2,1,30,0,0,0,0
136,1,4,1,1,1,0,2,14,28,2,6,39,21,0,25,1,36,2,2,1,30,0,0,0,0
137,21,0,1,1,1,0,2,0,2,2,12,11,4,0,2,1,1,2,2,1,8,0,0,0,0
138,35,0,0,0,0,0,0,0,0,0,1,0,0,0,23,15,6,0,0,0,0,0,0,25,16
139,19,0,1,1,1,0,2,0,86,2,37,0,10,0,24,39,4,2,2,0,15,0,0,35,38
140,21,0,1,1,1,0,2,0,2,2,12,11,4,0,2,1,1,2,2,1,8,0,0,18,0
141,21,0,1,1,1,0,2,0,2,2,6,0,4,0,2,1,1,2,2,1,1,0,0,18,0
142,21,0,1,1,1,0,2,109,182,2,6,0,10,0,25,1,1,2,2,1,17,0,0,18,19
143,19,0,1,1,1,0,2,11,265,2,0,20,10,0,24,7,12,2,2,1,17,0,0,24,15
144,37,0,0,0,0,0,0,0,0,0,21,29,0,0,19,21,22,0,0,0,22,0,0,25,16
145,21,0,1,1,1,0,2,27,122,2,12,11,36,0,2,1,1,2,2,1,8,0,0,0,0
146,26,0,0,0,0,0,0,2,41,0,33,0,0,0,1,25,28,0,5,0,38,0,0,21,1
147,32,0,1,1,1,0,2,0,2,2,12,11,4,0,2,1,1,2,2,1,8,0,0,18,15
148,21,0,1,1,1,0,2,0,2,2,12,11,4,0,2,1,1,2,2,1,8,0,0,0,0
149,22,0,1,1,1,0,2,0,2,2,15,19,4,0,2,20,16,2,2,1,1,0,0,0,0
150,22,0,1,1,1,0,2,0,2,2,15,19,4,0,2,20,16,2,2,1,1,0,0,0,0
151,21,0,1,1,1,0,2,22,2,2,6,37,4,0,25,1,1,2,2,1,1,0,0,0,0
152,22,0,1,1,1,0,2,0,2,2,15,19,4,0,2,20,16,2,2,1,1,0,0,0,0
153,32,0,1,1,1,0,2,0,2,7,12,37,4,0,2,1,1,2,2,1,8,0,0,18,15
154,21,0,1,1,1,0,2,0,2,2,6,37,4,0,25,1,1,2,2,1,1,0,0,0,0
155,21,0,1,1,1,0,2,0,2,2,6,37,4,0,25,1,1,2,2,1,1,0,0,0,0
156,21,0,1,1,1,0,2,0,2,2,12,11,4,0,2,1,1,2,2,1,29,0,0,0,0
157,32,0,1,1,1,0,2,0,2,2,6,32,4,0,2,1,1,2,2,1,8,0,0,18,15
158,21,0,1,1,1,0,2,77,74,2,0,11,4,0,25,1,1,2,2,1,8,0,0,0,0
159,21,0,1,1,1,0,2,0,2,2,12,11,4,0,2,1,1,2,2,1,8,0,0,0,0
160,32,0,1,1,1,0,2,10,102,2,0,1,4,0,2,1,1,2,2,1,41,0,0,18,15
161,38,0,0,0,0,0,0,0,36,0,37,30,13,0,35,39,4,0,0,0,18,0,0,35,26
162,21,0,1,1,1,0,2,111,169,2,0,1,4,0,0,0,0,2,2,14,1,0,1,0,0
163,32,0,5,5,5,0,6,0,1,3,22,3,1,1,4,14,3,3,4,3,28,0,0,44,34
164,21,0,1,1,1,0,2,0,2,2,6,37,4,0,25,1,1,2,2,1,1,0,0,0,0
165,21,0,1,1,1,0,2,22,154,2,6,37,4,0,25,1,1,2,2,1,1,0,0,0,0
166,17,0,6,6,7,0,7,0,8,0,5,6,12,0,36,8,11,8,5,6,10,0,0,46,36
167,15,0,0,0,0,0,1,0,0,0,2,22,7,0,26,10,5,0,0,0,7,0,0,31,31
168,32,0,1,1,1,0,2,92,38,2,12,11,4,0,2,1,1,2,2,1,8,0,0,0,0
169,4,1,2,2,3,0,3,0,0,0,4,22,2,0,0,4,4,0,1,0,5,0,0,47,30
170,19,0,1,1,1,0,2,0,0,0,8,12,10,0,10,7,12,6,2,1,17,0,0,38,32
171,19,0,1,1,1,0,2,0,11,2,8,12,10,0,10,7,12,6,2,1,17,0,0,14,32
172,19,0,1,1,1,0,2,73,55,2,0,0,10,0,10,7,12,6,2,1,41,0,0,14,19
173,4,0,0,0,0,0,0,0,0,0,1,15,0,0,33,6,4,0,0,0,0,0,0,43,16
174,17,4,6,6,7,0,7,2,8,7,5,6,12,0,36,8,11,8,5,6,10,0,0,10,36
175,20,0,1,1,1,0,2,0,0,2,28,11,17,0,24,31,16,2,2,1,29,0,0,24,15
176,16,0,6,6,7,0,7,0,0,0,13,14,14,0,35,19,18,0,5,0,15,0,0,46,42
177,15,0,0,0,0,0,1,0,0,0,2,18,7,0,7,10,5,0,0,0,7,0,0,40,30
178,36,1,1,1,1,0,2,0,102,0,0,0,0,0,1,21,6,0,2,0,41,0,0,38,16
179,36,0,0,0,0,0,0,0,0,0,1,15,0,0,33,15,6,0,0,0,34,0,0,25,16
180,35,0,0,0,0,0,0,0,0,0,1,0,0,0,23,15,6,0,0,0,0,0,0,7,1
181,13,0,3,4,2,0,5,0,0,4,10,40,3,0,15,3,14,1,3,0,6,0,0,48,27
182,13,0,3,4,2,0,5,0,0,4,10,33,3,0,15,3,14,1,3,0,6,0,0,48,27
183,36,0,0,0,0,0,0,0,0,0,11,15,0,0,33,15,6,0,0,0,0,0,0,43,16
184,26,2,3,4,6,0,1,0,0,7,33,0,10,0,0,25,28,0,5,0,35,0,0,39,34
185,8,0,0,0,0,0,0,0,0,0,14,13,13,0,13,16,19,0,0,0,13,0,0,32,11
186,14,3,5,5,5,1,6,1,1,3,16,3,1,1,32,5,26,3,4,3,16,1,0,27,18
187,34,0,0,0,7,0,0,0,0,0,11,15,0,0,33,6,4,0,0,0,39,0,0,47,26
188,4,1,2,2,3,0,3,0,17,3,39,17,2,0,5,4,8,0,1,2,24,0,0,3,6
189,14,3,5,5,5,1,6,1,1,3,16,34,1,1,29,13,26,3,4,3,3,0,0,27,18
190,37,0,0,0,0,0,0,10,13,0,21,29,0,0,19,21,22,6,0,0,22,0,0,22,21
191,21,0,1,1,1,0,2,0,38,2,0,0,4,0,2,20,1,2,2,1,41,0,0,18,0
192,35,0,5,5,5,1,1,0,0,3,0,0,7,0,1,0,10,0,4,0,33,0,0,44,34
193,22,0,1,1,1,0,2,0,2,2,15,19,4,0,2,20,16,2,2,1,1,0,0,0,0
194,21,0,1,1,1,0,2,62,69,2,0,11,4,0,2,0,15,2,2,1,8,0,0,0,0
195,0,9,2,2,3,0,3,29,96,2,0,0,30,0,0,0,15,17,2,15,24,0,0,3,0
196,14,3,5,5,5,1,6,1,1,3,16,21,1,1,4,13,23,3,4,3,3,1,0,1,37
197,14,3,5,5,5,1,6,1,1,3,41,21,1,1,32,13,26,3,4,3,23,1,0,27,37
198,11,2,3,4,2,0,5,0,6,4,7,5,3,0,8,9,25,1,3,5,9,0,0,13,13
199,11,2,3,4,2,0,5,0,6,4,7,5,3,0,8,9,37,1,3,5,9,0,0,13,13
200,11,2,3,4,2,0,5,0,6,4,7,5,3,0,8,9,25,1,3,5,9,0,0,13,13
201,11,2,3,4,2,0,5,0,6,4,7,5,3,0,8,9,37,1,3,5,9,0,0,13,13
202,5,1,2,2,3,0,3,0,10,5,9,9,9,0,9,32,9,7,1,0,11,0,0,53,40
203,34,0,0,0,0,0,1,0,0,6,1,1,0,0,23,15,6,0,0,0,0,0,0,25,16
204,10,2,3,4,2,0,5,0,7,4,35,7,11,0,40,36,13,1,3,5,12,0,0,11,12
205,4,1,2,2,3,0,3,0,33,1,24,0,6,0,18,24,40,0,1,0,5,0,0,34,35
206,10,2,3,4,2,0,5,0,7,4,19,7,11,0,21,22,13,1,3,5,12,0,0,11,12
207,16,4,6,6,7,0,7,3,12,7,13,14,14,0,17,19,18,9,5,7,15,0,0,12,17
208,16,4,6,6,7,0,7,3,12,0,13,14,14,0,17,19,18,9,5,7,15,0,0,12,17
209,16,4,6,6,7,0,7,3,12,7,13,14,14,0,17,19,18,9,5,7,15,0,0,12,17
210,34,0,0,0,0,0,0,0,0,0,1,15,0,0,23,15,6,0,0,0,0,0,0,37,16
211,13,0,3,4,2,0,5,0,0,4,10,40,3,0,34,3,14,1,3,0,6,0,0,48,27
212,6,0,0,0,0,0,1,15,43,2,0,1,20,0,11,25,10,0,0,0,38,0,0,21,4
213,16,4,6,6,7,0,7,3,12,0,13,14,14,0,17,19,18,9,5,7,15,0,0,12,17
214,4,1,2,2,3,0,3,0,0,5,4,1,2,0,28,23,20,0,1,0,27,0,0,54,33
215,2,5,3,7,2,0,0,4,19,5,36,35,16,0,39,34,38,11,0,0,21,0,0,15,3
216,13,2,3,4,2,0,5,0,16,4,10,27,3,0,15,3,30,1,3,5,6,0,0,8,9
217,14,3,5,5,5,1,6,1,1,3,16,21,1,1,14,13,26,3,4,3,3,1,0,27,37
218,35,0,0,0,0,0,0,0,0,0,1,0,0,0,23,15,6,0,0,0,33,0,0,38,1
219,0,1,4,3,4,0,4,0,3,1,27,25,6,0,41,12,33,4,1,4,2,0,0,30,24
220,24,0,0,0,0,0,0,0,0,0,1,0,0,0,23,21,6,0,0,0,0,0,0,7,1
221,10,2,3,4,2,0,5,0,7,4,35,7,11,0,40,36,13,1,3,5,12,0,0,11,12
222,15,0,0,0,0,0,1,0,0,0,2,18,7,0,7,10,5,0,0,0,7,0,0,31,4
223,0,1,4,3,4,0,4,0,15,1,23,10,8,0,20,11,29,5,1,4,19,0,0,2,7
224,4,1,2,2,3,0,3,0,10,5,9,9,9,0,9,26,9,7,1,2,11,0,0,41,10
225,4,1,2,2,3,0,3,0,10,1,9,9,9,0,9,26,9,7,1,2,11,0,0,9,10
226,4,1,2,2,3,0,3,0,10,5,9,9,9,0,9,40,9,7,1,2,11,0,0,9,10
227,19,0,1,1,1,0,2,0,0,2,8,12,10,0,10,7,12,6,2,1,17,0,0,14,32
228,23,0,0,0,0,0,0,0,99,0,11,0,15,0,26,6,34,0,0,0,0,0,0,7,1
229,19,0,1,1,1,0,2,0,11,2,8,12,10,0,10,7,12,6,2,1,17,0,0,14,32
230,19,0,1,1,1,0,2,0,11,2,8,12,10,0,10,7,12,6,2,1,17,0,0,14,19
231,19,0,1,1,1,0,2,0,11,2,8,12,10,0,10,7,12,6,2,1,17,0,0,14,19
232,19,0,1,1,1,0,2,0,11,2,8,12,10,0,10,7,12,6,2,1,17,0,0,14,19
233,19,0,1,1,1,0,2,0,11,2,8,12,10,0,10,7,12,6,2,1,17,0,0,14,32
234,10,2,3,4,2,0,5,0,6,4,30,27,3,0,34,3,14,1,3,5,6,0,0,8,9
235,17,0,6,6,7,0,7,0,0,0,5,6,12,0,36,8,11,8,5,6,10,0,0,46,36
236,23,0,0,0,0,0,0,61,89,0,0,1,0,0,6,0,0,0,0,0,38,0,0,21,1
237,4,1,2,2,3,0,3,0,5,5,4,26,2,0,37,23,20,0,1,2,40,0,0,3,6
238,20,0,1,1,1,0,2,0,29,2,28,20,17,0,24,31,15,2,2,1,29,0,0,24,38
239,9,0,0,0,0,0,1,0,21,5,38,41,19,0,16,29,39,0,0,0,14,0,0,5,3
240,1,1,0,0,6,0,1,0,4,6,20,2,5,0,3,2,21,0,0,0,4,0,0,16,5
241,10,2,3,4,2,0,5,0,7,4,19,7,11,0,21,22,13,1,3,5,12,0,0,11,12
242,9,0,0,0,0,0,1,0,32,5,29,16,27,0,16,29,39,0,0,0,14,0,0,5,3
243,9,0,0,0,0,0,1,0,32,8,29,16,15,0,16,29,39,0,0,0,14,0,0,5,3
244,13,2,3,4,2,0,5,0,16,4,10,27,3,0,15,3,14,1,3,0,6,0,0,8,9
245,0,1,4,3,4,0,4,0,15,1,27,10,8,0,22,11,24,5,1,2,19,0,0,23,29
246,0,1,4,3,4,0,4,8,22,1,23,10,8,0,20,11,29,5,1,4,20,0,0,2,7
247,8,0,0,0,0,0,0,0,0,0,14,13,13,0,13,16,19,0,0,0,13,0,0,32,11
248,14,3,5,5,5,1,6,0,0,3,16,34,1,0,29,13,26,3,4,3,3,0,0,29,18
249,14,3,5,5,5,1,6,1,1,3,18,23,1,1,14,14,3,3,4,3,3,1,0,1,2
250,8,0,0,0,0,0,0,0,14,0,14,13,13,0,13,16,19,10,0,0,13,0,0,32,11
251,7,1,4,3,4,0,4,0,3,1,3,25,6,0,41,12,2,4,1,4,2,0,0,4,8
252,10,2,3,4,2,0,5,0,7,4,35,7,11,0,40,36,13,1,3,5,12,0,0,11,12
253,4,1,0,0,3,0,0,0,0,5,1,36,0,0,28,27,4,0,0,0,21,0,0,47,26
254,26,0,0,0,0,0,0,0,0,5,33,0,0,0,6,6,28,0,0,0,27,0,0,45,30
255,10,2,3,4,2,0,5,0,7,4,19,7,11,0,21,22,13,1,3,5,12,0,0,11,12
256,13,2,3,4,2,0,5,0,16,4,10,27,3,0,15,3,30,1,3,5,6,0,0,8,9
257,13,2,3,4,2,0,5,0,6,4,10,27,3,0,15,3,30,1,3,0,6,0,0,8,9
258,4,1,2,2,3,0,3,0,5,1,25,31,2,0,5,4,8,0,1,2,5,0,0,28,28
259,3,1,2,2,3,0,0,0,18,5,32,36,9,0,28,38,31,0,0,0,27,0,0,15,22
260,22,2,3,4,2,0,5,0,7,4,19,7,11,0,21,22,13,1,3,5,12,0,0,55,12
261,4,1,2,2,3,0,3,0,5,5,4,26,2,0,37,23,20,0,1,2,5,0,0,3,6
262,30,0,0,0,0,1,0,0,45,0,1,0,28,0,23,15,6,0,0,0,21,0,0,21,1
263,4,1,2,2,3,0,3,0,30,5,10,1,2,0,12,3,14,1,3,0,40,0,0,54,33
264,14,3,5,5,5,1,6,1,1,3,40,21,1,1,14,14,3,3,4,3,16,1,0,1,2
265,22,0,0,0,0,0,0,5,14,2,14,13,13,0,13,16,19,10,0,0,13,0,0,19,11
266,4,1,2,2,3,0,3,0,0,5,12,1,2,0,12,4,20,0,1,0,5,0,0,49,33
267,40,0,0,0,0,0,0,0,0,0,1,0,0,0,23,21,22,0,0,0,22,0,0,22,1
268,14,3,5,5,5,1,6,1,27,3,26,3,1,1,29,13,3,3,4,3,16,1,0,27,2
269,0,1,4,3,4,0,4,13,42,1,33,1,8,0,20,25,28,5,1,0,35,0,0,2,7
270,10,2,3,4,2,0,5,0,7,4,19,7,11,0,21,22,13,1,3,5,12,0,0,11,12
271,25,1,1,1,1,0,2,8,31,2,0,1,8,0,1,25,36,18,2,0,31,0,0,21,7
272,3,1,2,2,3,0,3,0,18,5,32,1,9,0,28,38,31,0,1,0,27,0,0,41,22
273,4,1,2,2,3,0,3,6,25,1,34,24,9,0,12,24,17,0,1,2,25,0,0,20,20
274,4,1,2,2,3,0,3,0,50,1,4,1,2,0,12,4,20,0,1,2,5,0,0,3,6
275,6,0,1,1,1,0,2,15,43,2,0,20,20,0,24,31,15,2,2,1,29,0,0,24,0
276,25,1,4,1,4,0,2,8,31,7,0,1,8,0,20,25,28,18,1,0,39,0,0,21,1
277,23,0,0,0,0,0,0,11,119,2,0,1,10,0,6,25,28,0,0,0,35,0,0,7,1
278,0,1,4,3,4,0,4,0,15,1,27,10,8,0,22,11,24,5,1,4,19,0,0,2,7
279,15,0,0,0,0,0,1,0,226,0,11,22,5,0,26,18,7,0,0,0,7,0,0,6,4
280,1,6,4,3,4,0,4,9,34,1,0,38,18,0,20,35,35,12,1,8,31,0,0,2,7
281,29,2,1,1,1,0,2,147,64,2,0,1,38,0,0,0,0,22,7,16,30,2,3,0,3
282,21,0,1,1,1,0,2,184,162,2,0,1,4,0,2,0,15,2,2,1,1,0,0,0,0
283,22,0,0,0,0,0,1,4,23,2,29,16,15,0,16,30,27,0,0,0,14,0,0,5,3
284,23,1,4,3,0,0,4,46,49,7,0,1,8,0,6,25,0,0,0,0,30,0,0,2,29
285,34,2,1,1,1,0,2,148,64,2,0,1,29,0,0,0,0,23,2,17,30,3,3,2,0
286,4,1,2,2,3,0,3,25,101,5,0,1,2,0,5,4,8,0,1,2,5,0,0,3,28
287,28,0,1,1,1,0,2,14,156,2,0,1,4,0,24,0,15,2,2,1,30,0,0,0,0
288,21,0,1,1,1,0,2,0,2,2,12,11,4,0,2,1,1,2,2,1,8,0,0,0,0
289,5,1,2,2,3,0,3,0,0,5,9,9,9,0,9,32,9,7,1,0,11,0,0,53,40
290,38,0,0,0,0,0,0,0,36,0,37,30,0,0,35,19,4,0,0,0,18,0,0,38,42
291,14,3,5,5,5,1,6,1,215,2,0,1,1,1,29,13,26,3,4,3,30,0,0,29,18
292,4,1,2,2,3,0,3,0,5,5,25,31,2,0,5,4,8,0,1,2,5,0,0,3,28
293,7,2,4,3,4,0,4,193,266,1,0,1,6,0,1,0,0,4,2,4,30,0,3,2,7
294,13,2,3,4,2,0,5,7,16,4,10,33,3,0,15,3,14,1,3,5,6,0,0,8,9
295,4,2,1,1,1,0,2,149,179,2,0,1,29,0,0,0,0,2,2,18,30,0,3,0,0
296,19,0,1,1,1,0,2,11,11,2,8,12,10,0,10,7,12,6,2,1,35,0,0,14,19
297,12,2,3,4,2,0,5,7,26,4,30,1,3,0,34,3,14,1,3,5,6,0,0,8,9
298,3,1,3,4,2,0,0,0,18,5,32,36,9,0,28,38,31,0,0,0,27,0,0,15,22
299,4,1,2,2,3,0,3,0,10,1,9,9,9,0,9,40,9,7,1,2,11,0,0,9,10
300,17,4,6,6,7,0,7,2,8,7,5,6,12,0,36,8,11,8,5,6,10,0,0,10,14
301,0,1,4,3,4,0,4,0,20,1,23,2,8,0,20,11,29,5,1,4,20,0,0,2,7
302,4,1,2,2,3,0,3,0,5,5,4,26,2,0,37,23,20,0,1,2,5,0,0,49,6
303,7,1,4,3,4,0,4,0,3,1,3,25,6,0,38,12,33,4,1,4,2,0,0,30,24
304,5,1,2,2,3,0,3,0,10,1,9,9,9,0,9,26,9,7,1,2,11,0,0,9,10
305,4,1,2,2,3,0,3,0,10,1,9,9,9,0,9,26,9,7,1,2,11,0,0,9,10
306,4,1,2,2,3,0,3,0,5,1,25,31,2,0,5,23,8,0,1,2,5,0,0,28,28
307,4,1,2,2,3,0,3,0,0,5,34,24,25,0,12,24,17,0,1,2,25,0,0,20,20
308,7,1,4,3,4,0,4,0,3,1,3,4,6,0,38,12,33,4,1,4,2,0,0,50,39
309,15,0,0,0,0,0,1,0,9,0,2,18,7,0,7,10,5,0,0,0,28,0,0,6,4
310,7,1,4,3,4,0,4,0,3,1,3,25,6,0,30,33,33,4,1,4,2,0,0,4,8
311,7,1,4,3,4,0,4,0,3,1,3,4,6,0,18,33,2,4,1,4,2,0,0,4,24
312,7,1,4,3,4,0,4,0,3,1,3,4,6,0,18,33,33,4,1,4,2,0,0,4,8
313,15,0,0,0,0,0,1,0,9,0,2,18,7,0,7,10,5,0,0,0,7,0,0,6,4
314,4,1,2,2,3,0,3,0,5,5,39,26,2,0,5,23,20,0,1,2,5,0,0,28,6
315,17,4,6,6,7,0,7,2,8,7,5,6,12,0,36,8,11,8,5,6,10,0,0,10,14
316,4,1,2,2,3,0,3,0,5,5,25,31,2,0,5,24,8,0,1,2,5,0,0,28,28
317,4,1,2,2,3,0,3,0,44,0,4,0,2,0,37,23,20,0,1,2,25,0,0,3,6
318,4,1,2,2,3,0,3,0,5,1,25,31,2,0,5,4,8,0,1,2,5,0,0,28,28
319,4,1,2,2,3,0,3,6,25,5,34,24,2,0,12,24,17,0,1,2,25,0,0,20,20
320,15,0,0,0,0,0,1,0,9,6,2,18,7,0,7,10,5,0,0,0,7,0,0,6,4
321,5,1,2,2,3,0,3,124,229,5,0,0,9,0,9,32,9,7,1,2,39,0,0,9,10
322,21,0,1,1,1,0,2,11,160,2,12,11,4,0,2,1,1,2,2,1,8,0,0,0,0
323,22,0,1,1,1,0,2,0,2,2,15,19,4,0,2,20,16,2,2,1,1,0,0,0,0
324,21,1,1,1,1,0,2,41,125,2,0,0,4,0,0,0,0,2,2,19,8,0,1,0,0
325,14,3,5,5,5,1,6,1,1,3,16,34,1,1,4,13,23,3,4,3,3,1,0,1,2
326,14,3,5,5,5,1,6,1,1,3,16,28,1,1,32,5,26,3,4,3,3,1,0,29,18
327,14,3,5,5,5,1,6,1,1,3,16,34,1,1,32,5,26,3,4,3,3,0,0,29,18
328,14,3,5,5,5,1,6,1,1,3,18,34,1,1,32,13,26,3,4,3,3,0,0,29,18
329,8,0,0,0,0,0,0,5,14,12,14,13,13,0,13,16,19,10,0,0,13,0,0,19,11
330,14,3,5,5,5,1,6,1,1,3,16,28,1,1,32,5,26,3,4,3,23,1,0,29,18
331,34,0,0,0,0,0,0,0,0,0,1,15,0,0,33,15,6,0,0,0,0,0,0,25,16
332,14,3,5,5,5,1,6,1,1,3,26,21,1,1,4,5,32,3,4,3,16,1,0,1,2
333,14,3,5,5,5,1,6,1,1,3,0,0,1,1,14,13,3,3,4,3,16,1,0,1,2
334,14,3,5,5,5,1,6,1,1,3,31,28,1,1,4,5,32,3,4,3,16,1,0,1,2
335,14,3,5,5,5,1,6,1,1,3,31,28,1,1,4,5,32,3,4,3,3,1,0,1,2
336,14,3,5,5,5,1,6,1,1,3,31,21,1,1,4,5,32,3,4,3,16,1,0,1,2
337,14,3,5,5,5,1,6,1,1,3,41,3,1,1,4,5,23,3,4,3,23,1,0,1,18
338,14,3,5,5,5,0,6,1,1,3,18,23,1,1,14,14,3,3,4,3,3,1,0,1,2
339,14,3,5,5,5,1,6,1,1,3,18,23,1,1,14,14,3,3,4,3,3,1,0,1,2
340,14,3,5,5,5,1,6,1,1,3,26,21,1,1,4,5,32,3,4,3,16,1,0,1,2
341,14,0,5,5,5,0,6,0,0,3,1,0,0,0,32,6,4,0,4,0,0,0,0,44,26
342,14,3,5,5,5,1,6,1,1,3,18,23,1,1,14,14,3,3,4,3,3,1,0,1,2
343,14,3,5,5,5,1,6,1,1,3,18,23,1,1,14,14,3,3,4,3,3,1,0,1,2
344,14,3,5,5,5,1,6,1,1,3,26,3,1,1,29,13,3,3,4,3,16,0,0,27,18
345,35,0,0,0,0,0,0,0,0,0,1,0,0,0,23,15,6,0,0,0,0,0,0,25,1
346,14,3,5,5,5,1,6,1,27,3,26,0,1,1,4,5,23,3,4,3,16,1,0,1,2
347,14,3,5,5,5,1,6,1,1,3,31,21,1,1,4,5,23,3,4,3,16,1,0,1,2
348,14,3,5,5,5,1,6,1,1,3,18,23,1,1,14,14,3,3,4,3,3,1,0,1,2
349,14,3,5,5,5,1,6,1,1,3,18,23,1,1,14,14,3,3,4,3,3,1,0,1,2
350,14,3,5,5,5,1,6,1,1,3,18,23,1,1,14,14,3,3,4,3,3,1,0,1,2
351,14,3,5,5,5,1,6,1,1,3,18,23,1,1,14,13,3,3,4,3,3,1,0,1,2
352,14,3,5,5,5,1,6,1,1,3,16,3,1,1,4,13,23,3,4,3,3,1,0,1,18
353,14,3,5,5,5,1,6,1,1,3,18,21,1,1,14,14,3,3,4,3,3,1,0,1,2
354,14,3,5,5,5,1,6,1,1,3,26,21,1,1,14,14,3,3,4,3,16,1,0,1,2
355,14,3,5,5,5,1,6,1,1,3,41,3,1,1,4,13,23,3,4,3,23,1,0,1,18
356,14,3,5,5,5,1,6,1,1,3,31,3,1,1,4,5,23,3,4,3,16,1,0,1,2
357,14,3,5,5,5,1,6,1,1,3,16,28,1,1,32,5,26,3,4,3,3,1,0,1,2
358,14,3,5,5,5,1,6,1,1,3,31,28,1,1,4,5,23,3,4,3,16,1,0,1,2
359,14,3,5,5,5,1,6,1,1,3,16,34,1,1,4,13,23,3,4,3,3,1,0,1,2
360,14,3,5,5,5,1,6,1,1,3,40,21,1,1,4,5,32,3,4,3,16,1,0,1,2
361,14,3,5,5,5,1,6,1,1,3,16,28,1,1,32,5,23,3,4,3,3,1,0,29,18
362,14,3,5,5,5,1,6,1,1,3,16,34,1,1,32,5,26,3,4,3,23,1,0,29,18
363,14,3,5,5,5,1,6,1,39,3,0,3,1,1,29,13,3,3,4,3,3,1,0,27,18
364,14,3,5,5,5,1,6,1,1,3,16,28,1,1,4,5,23,3,4,3,3,1,0,1,2
365,14,3,5,5,5,1,6,1,1,3,31,28,1,1,4,5,32,3,4,3,23,1,0,1,2
366,14,3,5,5,5,1,6,1,1,3,31,28,1,1,4,5,32,3,4,3,3,1,0,1,2
367,14,3,5,5,5,1,6,1,1,3,40,21,1,1,4,14,3,3,4,3,23,1,0,1,2
368,14,3,5,5,5,1,6,1,1,3,41,3,1,1,4,5,23,3,4,3,23,1,0,1,18
369,14,3,5,5,5,1,6,1,1,3,0,34,1,1,29,13,3,3,4,3,3,1,0,1,2
370,14,3,5,5,5,1,6,1,1,3,31,28,1,1,4,5,23,3,4,3,3,1,0,1,2
371,14,3,5,5,5,1,6,1,1,3,16,34,1,1,29,13,26,3,4,3,3,0,0,29,18
372,14,3,5,5,5,1,6,1,1,3,26,3,1,1,29,13,3,3,4,3,23,1,0,1,2
373,14,3,5,5,5,1,6,1,27,3,26,1,1,1,29,14,3,3,4,3,23,0,0,27,2
374,14,3,5,5,5,1,6,1,239,3,0,1,1,1,29,13,3,3,4,3,23,0,0,27,18
375,14,3,5,5,5,1,6,1,1,3,0,21,1,1,4,5,23,3,4,3,3,1,0,1,2
376,14,3,5,5,5,1,6,1,1,3,16,34,1,1,32,13,26,3,4,3,3,1,0,1,18
377,14,3,5,5,5,1,6,1,1,3,16,34,1,1,32,13,26,3,4,3,23,1,0,29,18
378,36,0,5,1,5,0,2,0,41,0,0,1,0,0,1,15,6,0,4,0,39,0,0,37,26
379,14,3,5,5,5,1,6,1,27,3,26,3,1,1,4,14,3,3,4,3,16,1,0,1,2
380,14,3,5,5,5,1,6,1,132,3,0,1,1,1,4,5,23,3,4,3,16,1,0,1,2
381,14,3,5,5,5,1,6,1,39,3,41,3,1,1,4,5,23,3,4,3,23,1,0,1,2
382,14,3,5,5,5,0,6,1,1,3,18,23,1,1,14,14,3,3,4,3,23,1,0,1,2
383,14,3,5,5,5,1,6,1,92,3,31,28,1,1,4,5,23,3,4,3,3,1,0,1,2
384,9,0,0,0,0,0,0,0,23,0,29,16,15,0,16,29,39,0,0,0,14,0,0,5,3
385,9,0,0,0,0,0,1,0,0,0,29,16,15,0,26,30,34,0,0,0,14,0,0,5,31
386,11,2,3,4,2,0,5,0,6,4,7,5,3,0,8,9,37,1,3,5,9,0,0,13,13
387,11,2,3,4,2,0,5,0,6,4,7,5,3,0,8,9,37,1,3,5,9,0,0,13,13
388,15,0,0,0,0,0,1,0,9,0,2,18,7,0,7,10,5,0,0,0,7,0,0,6,4
389,8,1,0,0,0,0,0,0,14,5,14,13,13,0,13,16,19,0,0,0,13,0,0,41,11
390,38,0,0,0,0,0,0,0,0,0,29,16,15,0,16,29,27,0,0,0,14,0,0,5,31
391,9,0,0,0,0,0,1,0,23,6,29,16,15,0,16,30,27,0,0,0,14,0,0,33,3
392,9,0,0,0,0,0,1,0,21,5,38,41,19,0,16,29,39,0,0,0,14,0,0,5,3
393,13,2,3,4,2,0,5,0,6,4,10,27,3,0,15,3,30,1,3,5,6,0,0,8,9
394,2,1,3,0,2,0,0,0,0,5,36,36,16,0,28,27,31,0,0,0,21,0,0,15,22
395,36,0,0,0,6,0,0,0,0,0,11,0,0,0,33,15,6,0,0,0,0,0,0,25,16
396,9,0,0,0,0,0,1,0,23,0,29,16,15,0,16,30,39,0,0,0,14,0,0,5,3
397,15,0,0,0,0,0,1,0,9,0,2,18,7,0,7,10,5,0,0,0,7,0,0,6,4
398,15,0,0,0,0,0,1,0,9,0,2,18,7,0,7,10,5,0,0,0,7,0,0,6,4
399,9,5,3,0,2,0,0,4,19,5,36,35,16,0,39,34,38,11,0,0,21,0,0,15,3
400,38,0,1,1,0,0,0,0,94,0,37,0,14,0,35,39,4,0,2,0,18,0,0,35,26
401,9,0,3,0,0,0,1,4,19,3,36,35,16,0,16,34,27,11,0,0,21,0,0,5,3
402,9,0,0,0,0,0,1,28,47,0,12,16,15,0,16,30,27,0,0,0,33,0,0,5,3
403,8,0,0,0,0,0,0,5,14,8,14,13,13,0,13,16,19,10,0,0,13,0,0,19,11
404,15,0,0,0,0,0,0,5,14,0,14,13,13,0,13,16,19,10,0,0,13,0,0,19,11
405,9,0,0,0,0,0,1,0,23,0,29,16,15,0,16,30,27,0,0,0,14,0,0,5,3
406,4,1,2,2,3,0,3,0,0,5,4,26,2,0,37,4,20,0,1,0,5,0,0,49,33
407,19,0,1,1,1,0,2,0,11,2,8,12,10,0,10,7,12,6,2,1,17,0,0,14,19
408,19,0,1,1,1,0,2,0,0,0,8,12,10,0,10,7,12,6,2,1,41,0,0,38,32
409,19,0,1,1,1,0,2,0,11,2,8,12,10,0,10,7,12,6,2,1,17,0,0,14,19
410,4,1,2,2,3,0,3,233,50,5,0,1,2,0,12,4,20,0,1,0,5,0,0,3,6
411,35,0,0,0,0,0,0,0,0,0,1,0,0,0,23,6,6,0,0,0,0,0,0,38,1
412,14,3,5,5,5,1,6,1,219,3,0,1,15,1,32,13,26,3,4,3,14,1,0,27,37
413,14,3,5,5,5,1,6,1,1,3,26,3,1,1,14,5,32,3,4,3,23,1,0,1,2
414,0,1,4,3,4,0,4,30,20,1,22,17,8,0,22,37,24,5,1,2,20,0,0,23,25
415,14,3,5,5,5,1,6,1,39,3,40,3,1,1,4,14,32,3,4,3,23,1,0,1,2
416,4,1,2,2,3,0,3,0,5,1,24,24,2,0,31,24,40,0,1,2,5,0,0,34,35
417,14,3,5,5,5,1,6,1,1,3,31,28,1,1,4,5,32,3,4,3,16,1,0,1,2
418,14,3,0,0,5,1,6,235,84,3,0,0,1,1,1,0,0,0,0,0,33,0,0,29,18
419,14,3,5,5,5,1,6,157,227,3,0,1,1,1,0,0,0,3,4,20,3,1,1,1,2
420,17,4,6,6,7,0,7,2,8,7,5,6,12,0,36,8,11,8,5,6,10,0,0,10,36
421,11,2,3,4,2,0,5,0,6,4,7,5,3,0,8,9,25,1,3,5,9,0,0,36,27
422,11,2,3,4,2,0,5,0,6,4,7,5,3,0,8,9,25,1,3,5,9,0,0,13,13
423,11,2,3,4,2,0,5,0,6,4,7,5,3,0,8,9,25,1,3,5,9,0,0,13,13
424,11,2,3,4,2,0,5,0,6,4,7,5,3,0,8,9,25,1,3,5,9,0,0,36,13
425,11,2,3,4,2,0,5,0,6,4,7,5,3,0,8,9,25,1,3,5,9,0,0,13,13
426,11,2,3,4,2,0,5,0,6,4,7,5,3,0,8,9,25,1,3,5,9,0,0,13,13
427,11,2,3,4,2,0,5,0,6,4,7,5,3,0,8,9,25,1,3,5,9,0,0,13,13
428,11,2,3,4,2,0,5,0,6,4,7,5,3,0,8,9,25,1,3,5,9,0,0,13,13
429,11,2,3,4,2,0,5,0,6,4,7,5,3,0,8,9,30,1,3,5,9,0,0,13,13
430,5,1,2,2,3,0,3,0,10,5,9,9,9,0,9,38,9,7,1,0,39,0,0,41,40
431,3,1,3,0,2,0,0,0,18,5,32,36,16,0,28,27,31,0,0,0,27,0,0,15,22
432,36,0,0,0,0,0,0,0,0,0,1,15,0,0,19,15,22,0,0,0,0,0,0,42,16
433,34,0,0,0,0,0,0,0,0,0,1,15,0,0,23,15,6,0,0,0,0,0,0,25,16
434,4,1,2,2,3,0,3,0,5,5,4,27,2,0,8,23,25,1,3,0,5,0,0,54,33
435,5,1,2,2,3,0,3,0,10,1,9,9,9,0,9,26,9,7,1,2,11,0,0,9,10
436,16,4,6,6,7,0,7,3,12,0,13,14,14,0,17,19,18,9,5,7,15,0,0,12,17
437,8,0,0,0,0,0,0,5,14,5,14,13,13,0,13,16,19,10,0,0,13,0,0,19,11
438,10,2,3,4,2,0,5,0,7,4,35,7,11,0,40,36,13,1,3,5,12,0,0,11,12
439,26,0,0,0,0,0,1,0,89,5,33,0,0,0,6,25,28,0,0,0,38,0,0,21,1
440,0,1,4,3,4,0,4,0,20,1,22,17,8,0,22,37,24,5,1,2,20,0,0,23,25
441,0,1,4,3,4,0,4,8,34,1,23,10,8,0,20,11,29,5,1,4,31,0,0,2,7
442,13,2,3,4,2,0,5,0,0,4,10,27,3,0,15,3,30,1,3,0,6,0,0,36,27
443,4,1,2,2,3,0,3,0,10,1,22,9,9,0,9,40,9,7,1,2,11,0,0,9,10
444,4,1,2,2,3,0,3,0,5,5,4,26,2,0,37,23,20,0,1,0,5,0,0,34,33
445,0,1,4,3,4,0,4,0,3,1,23,10,8,0,38,12,33,4,1,4,20,0,0,30,25
446,15,0,0,0,0,0,1,0,9,0,2,22,7,0,26,10,5,0,0,0,0,0,0,31,4
447,4,1,2,2,3,0,3,0,10,5,9,9,9,0,9,26,9,7,1,2,11,0,0,9,10
448,0,1,4,3,4,0,4,0,15,1,27,10,8,0,22,11,24,5,1,2,19,0,0,23,29
449,19,0,1,1,1,0,2,0,11,2,8,12,10,0,10,7,12,6,2,1,17,0,0,14,19
450,10,2,3,4,2,0,5,0,7,4,19,7,11,0,21,22,13,1,3,5,12,0,0,11,12
451,0,1,4,3,4,0,4,0,20,1,22,10,8,0,22,11,24,5,1,2,20,0,0,23,29
452,20,0,1,1,1,0,2,0,29,2,28,20,17,0,24,31,16,2,2,1,29,0,0,24,15
453,17,4,6,6,7,0,7,2,8,7,5,6,12,0,27,8,11,8,5,6,10,0,0,10,14
454,13,2,3,4,2,0,5,0,16,4,10,27,3,0,15,3,30,1,3,0,6,0,0,8,9
455,0,1,4,3,4,0,4,0,15,1,27,10,8,0,22,11,24,5,1,4,19,0,0,23,25
456,0,1,4,3,4,0,4,0,15,1,27,10,8,0,22,11,24,5,1,4,19,0,0,23,29
457,0,1,4,3,4,0,4,6,15,1,27,10,8,0,22,11,24,5,1,4,19,0,0,2,25
458,0,1,4,3,4,0,4,0,15,1,27,10,8,0,22,11,24,5,1,4,19,0,0,2,7
459,8,0,0,0,0,0,0,0,0,0,37,13,13,0,13,16,4,0,0,0,13,0,0,32,11
460,10,2,3,4,2,0,5,0,7,4,35,7,11,0,40,36,30,1,3,5,12,0,0,11,12
461,7,1,4,3,4,0,4,0,3,1,3,25,6,0,30,12,2,4,1,4,2,0,0,4,8
462,4,1,2,2,3,0,3,0,5,1,25,31,2,0,5,23,8,0,1,2,5,0,0,3,28
463,10,2,3,4,2,0,5,0,7,4,35,7,11,0,40,36,13,1,3,5,12,0,0,11,12
464,10,2,3,4,2,0,5,0,7,4,19,7,11,0,21,22,13,1,3,5,12,0,0,11,12
465,17,4,6,6,7,0,7,2,8,7,5,6,12,0,27,8,11,8,5,6,10,0,0,10,14
466,17,4,6,6,7,0,7,2,8,7,5,6,12,0,27,8,11,8,5,6,10,0,0,10,14
467,15,0,0,0,0,0,0,0,0,0,14,13,13,0,13,16,19,0,0,0,13,0,0,32,11
468,15,0,0,0,0,0,0,5,213,0,14,13,13,0,13,16,19,10,0,0,13,0,0,19,11
469,8,0,0,0,0,0,0,5,14,0,14,13,13,0,13,16,19,10,0,0,13,0,0,19,11
470,3,1,2,2,4,0,3,0,30,5,27,2,9,0,31,32,24,5,1,2,19,0,0,34,35
471,4,1,2,2,3,0,3,6,25,5,34,24,2,0,12,24,17,0,1,2,25,0,0,20,20
472,3,1,3,4,2,0,0,33,18,5,32,36,16,0,28,27,31,0,0,0,27,0,0,15,22
473,8,0,0,0,0,0,0,5,14,0,14,13,13,0,13,16,19,10,0,0,13,0,0,19,11
474,4,1,2,2,3,0,3,0,5,1,4,26,2,0,5,23,8,0,1,2,5,0,0,28,6
475,15,0,0,0,0,0,1,0,9,0,2,18,7,0,7,10,5,0,0,0,7,0,0,6,4
476,4,1,2,2,3,0,3,0,174,5,0,1,2,0,12,23,20,0,1,0,37,0,0,3,6
477,17,4,6,6,7,0,7,2,8,7,5,6,12,0,27,8,11,8,5,6,10,0,0,10,14
478,11,2,3,4,2,0,5,0,6,4,7,5,3,0,8,9,37,1,3,5,37,0,0,13,13
479,11,2,3,4,2,0,5,0,6,4,7,5,3,0,8,9,37,1,3,5,9,0,0,13,13
480,26,2,3,4,2,0,0,2,41,5,33,0,12,0,1,25,28,0,5,0,38,0,0,15,1
481,4,1,3,4,2,0,5,0,26,4,30,1,3,0,34,3,14,1,3,0,6,0,0,8,9
482,29,0,0,0,0,0,1,0,9,0,2,18,7,0,7,10,5,0,0,0,7,0,0,6,4
483,23,0,0,0,7,0,0,0,54,0,11,1,0,0,6,6,4,0,0,0,18,0,0,21,1
484,18,0,3,4,0,0,5,22,245,0,0,36,4,0,1,0,0,1,3,0,37,0,0,7,1
485,38,0,0,0,0,0,0,178,31,0,0,1,0,0,6,6,4,0,0,0,37,0,0,7,1
486,11,2,3,4,2,0,5,75,175,4,0,1,3,0,0,0,0,1,3,5,9,0,0,13,13
487,7,1,4,3,4,0,4,0,3,1,24,25,6,0,18,33,2,4,1,4,2,0,0,30,24
488,5,1,2,2,3,0,3,0,10,1,9,9,9,0,9,26,9,7,1,2,11,0,0,9,10
489,4,1,2,2,3,0,3,0,48,1,22,0,9,0,9,32,9,7,1,2,11,0,0,34,10
490,5,1,2,2,3,0,3,0,10,5,9,9,9,0,9,26,9,7,1,2,11,0,0,9,10
491,0,1,4,3,4,0,4,0,5,1,22,2,8,0,31,37,24,5,1,4,20,0,0,23,25
492,0,1,4,3,4,0,4,0,20,1,22,10,8,0,22,37,24,5,1,2,20,0,0,23,25
493,0,1,2,2,3,0,3,63,17,1,22,17,2,0,5,37,17,5,1,2,24,0,0,23,25
494,4,1,2,2,3,0,3,0,5,1,34,1,2,0,12,24,20,0,1,2,5,0,0,34,6
495,7,1,4,3,4,0,4,0,3,1,3,25,6,0,30,33,2,4,1,4,2,0,0,4,8
496,4,1,2,2,3,0,3,0,5,1,4,2,2,0,5,23,20,0,1,2,40,0,0,3,6
497,23,0,0,0,0,0,1,12,35,6,24,0,7,0,11,18,10,0,0,0,26,0,0,33,5
498,2,1,3,4,2,0,3,0,19,5,36,35,16,0,39,34,38,11,0,0,21,0,0,15,22
499,4,1,2,2,3,0,3,0,0,5,4,26,2,0,37,23,20,0,1,2,5,0,0,49,6
500,4,1,2,2,3,0,3,6,52,1,4,0,2,0,12,24,17,0,1,2,5,0,0,20,20
501,4,1,2,2,3,0,3,32,87,5,0,0,5,0,31,27,17,0,1,0,40,0,0,20,22
502,5,1,2,2,3,0,3,0,10,1,9,9,9,0,9,26,9,7,1,2,11,0,0,9,10
503,4,1,2,2,3,0,3,6,52,1,34,24,2,0,12,24,17,0,1,2,25,0,0,20,20
504,5,1,2,2,3,0,3,0,10,1,9,9,9,0,9,26,9,7,1,2,11,0,0,9,10
505,1,1,4,3,4,0,4,9,62,1,0,0,34,0,31,35,35,12,1,4,20,0,0,2,7
506,5,1,2,2,3,0,3,0,10,1,9,9,9,0,9,26,9,7,1,2,11,0,0,9,10
507,4,1,2,2,3,0,3,6,25,1,34,24,9,0,12,24,17,7,1,2,25,0,0,20,20
508,4,1,2,2,3,0,3,43,251,1,0,1,9,0,1,24,17,7,1,2,11,0,0,9,10
509,34,0,0,0,7,0,0,0,0,0,11,30,0,0,35,6,4,0,0,0,0,0,0,43,16
510,17,0,6,6,7,0,7,2,8,7,5,6,12,0,36,8,11,8,5,6,10,0,0,10,36
511,17,4,6,6,7,0,7,2,8,7,5,6,12,0,36,8,11,8,5,6,10,0,0,10,14
512,17,4,6,6,7,0,7,2,8,7,5,6,12,0,36,8,11,8,5,6,10,0,0,10,14
513,17,4,6,6,7,0,7,2,8,7,5,6,12,0,27,8,11,8,5,6,10,0,0,10,14
514,17,4,6,6,7,0,7,2,8,7,5,6,12,0,27,8,11,8,5,6,10,0,0,10,14
515,16,4,6,6,7,0,7,3,12,0,13,14,14,0,17,19,18,9,5,7,15,0,0,12,17
516,16,0,6,6,7,0,0,0,0,0,13,14,14,0,17,19,18,9,5,0,15,0,0,46,42
517,17,4,6,6,7,0,7,2,8,7,5,6,12,0,27,8,11,8,5,6,10,0,0,10,14
518,17,4,6,6,7,0,7,2,8,7,5,6,12,0,27,8,11,8,5,6,10,0,0,10,14
519,17,4,6,6,7,0,7,2,8,7,5,6,12,0,27,8,11,8,5,6,10,0,0,10,14
520,23,4,0,0,7,0,0,2,42,0,0,1,12,0,36,25,28,0,0,0,18,0,0,21,1
521,17,4,6,6,7,0,7,2,8,7,5,6,12,0,27,8,11,8,5,6,10,0,0,10,14
522,17,4,6,6,7,0,7,2,241,7,0,0,12,0,1,0,0,8,5,6,10,0,0,10,14
523,17,4,6,6,7,0,7,2,8,7,5,6,12,0,27,8,11,8,5,6,10,0,0,10,14
524,17,4,6,6,7,0,7,2,8,7,5,6,12,0,27,8,11,8,5,6,10,0,0,10,14
525,15,0,0,0,0,0,1,0,0,0,2,22,7,0,26,10,5,0,0,0,7,0,0,31,4
526,29,0,0,0,0,0,1,0,0,0,2,18,7,0,26,10,34,0,0,0,7,0,0,32,31
527,27,0,0,0,0,0,0,0,0,0,1,0,0,0,23,21,6,0,0,0,0,0,0,7,1
528,8,0,0,0,0,0,0,0,14,0,14,13,13,0,13,16,19,10,0,0,13,0,0,19,11
529,7,1,4,3,4,0,4,0,3,1,3,25,6,0,30,12,2,4,1,4,2,0,0,50,39
530,1,1,0,0,6,0,1,0,4,6,17,8,5,0,3,2,7,0,0,0,4,0,0,16,5
531,13,2,3,4,2,0,5,0,16,4,10,33,3,0,15,3,14,1,3,0,6,0,0,8,27
532,27,0,0,0,0,0,0,0,0,0,1,0,0,0,35,6,4,0,0,0,0,0,0,7,1
533,35,0,0,0,0,0,0,0,0,0,1,0,0,0,6,6,6,0,0,0,0,0,0,25,16
534,10,0,3,4,2,0,5,0,0,4,30,40,3,0,34,3,14,1,3,0,6,0,0,36,27
535,7,1,4,3,4,0,4,0,3,1,3,4,6,0,41,12,2,4,1,4,2,0,0,50,8
536,4,1,2,2,3,0,3,0,5,5,4,17,2,0,12,23,20,0,1,2,5,0,0,3,6
537,6,0,0,0,0,0,0,0,80,0,1,0,0,0,23,6,4,0,0,0,0,0,0,7,1
538,23,0,0,0,0,0,0,11,119,0,0,1,0,0,6,6,28,0,0,0,33,0,0,7,1
539,0,1,4,3,4,0,4,0,0,1,23,10,8,0,22,11,24,5,1,2,19,0,0,23,29
540,1,1,0,0,6,0,1,0,145,6,0,2,5,0,3,2,21,0,1,0,4,0,0,17,5
541,1,1,3,4,6,0,1,5,83,4,0,2,5,0,3,2,21,0,3,0,4,0,0,17,23
542,1,1,0,0,6,0,1,0,35,6,0,2,5,0,3,2,21,0,0,0,4,0,0,17,5
543,31,0,0,0,0,0,1,0,0,0,11,0,0,0,26,17,34,0,0,0,0,0,0,31,31
544,1,1,0,0,6,0,1,0,4,6,20,3,5,0,3,2,21,0,1,0,4,0,0,17,5
545,1,1,0,0,6,0,1,0,4,6,20,8,5,0,3,2,21,0,0,0,4,0,0,16,5
546,1,1,0,0,6,0,1,12,53,6,0,2,5,0,3,17,7,0,0,0,26,0,0,16,5
547,1,1,0,0,6,0,1,17,4,6,17,8,5,0,3,2,7,0,0,0,4,0,0,17,5
548,7,1,4,3,4,0,4,0,3,1,3,4,6,0,30,12,2,4,1,4,2,0,0,4,8
549,7,1,4,3,4,0,4,140,249,1,0,4,6,0,18,28,2,4,1,4,2,0,0,4,8
550,7,1,4,3,4,0,4,0,3,1,3,25,6,0,38,12,2,4,1,4,2,0,0,50,39
551,12,0,3,4,2,0,5,0,0,0,30,40,0,0,34,3,14,1,3,0,0,0,0,48,27
552,15,0,0,0,0,0,1,0,9,0,0,3,7,0,26,18,5,0,0,0,7,0,0,6,4
553,35,0,0,0,0,0,0,0,0,0,1,0,0,0,23,15,6,0,0,0,0,0,0,25,16
554,37,0,0,0,0,0,0,10,13,0,21,0,0,0,19,21,22,6,0,0,22,0,0,22,21
555,37,0,0,0,0,0,0,0,13,0,21,0,0,0,19,21,22,0,0,0,22,0,0,42,21
556,29,0,0,0,0,0,1,0,9,0,2,1,7,0,26,10,34,0,0,0,7,0,0,6,4
557,1,1,0,0,6,0,1,17,4,6,20,8,5,0,3,2,21,0,0,0,4,0,0,17,5
558,1,1,0,0,6,0,1,164,295,6,20,2,5,0,3,2,21,0,1,0,4,0,0,17,5
559,7,1,4,3,4,0,4,0,3,1,3,25,6,0,30,12,2,4,1,4,2,0,0,4,8
560,7,1,4,3,4,0,4,0,3,1,3,25,6,0,30,12,2,4,1,4,2,0,0,4,24
561,1,1,4,3,4,0,4,9,108,1,0,0,18,0,31,35,35,12,1,8,19,0,0,2,7
562,36,0,0,0,0,0,0,10,13,0,21,29,0,0,19,21,22,6,0,0,22,0,0,22,21
563,37,0,0,0,0,0,0,0,13,0,21,29,0,0,19,21,22,6,0,0,22,0,0,22,21
564,39,1,5,0,6,0,1,1,4,3,17,0,5,0,3,2,7,0,0,0,4,0,0,33,23
565,35,0,0,0,0,0,0,0,0,0,1,0,0,0,23,15,6,0,0,0,0,0,0,25,16
566,11,0,3,4,2,0,5,0,0,4,7,40,3,0,8,9,37,1,3,0,9,0,0,36,27
567,9,0,0,0,0,0,1,31,98,0,0,16,15,0,11,30,27,0,0,0,14,0,0,5,3
568,15,0,0,0,0,0,1,0,9,0,2,22,7,0,26,10,34,0,0,0,7,0,0,31,4
569,9,0,0,0,0,0,1,0,23,6,29,16,15,0,16,30,27,0,0,0,14,0,0,33,3
570,15,0,0,0,0,0,1,0,9,0,2,0,7,0,7,10,5,0,0,0,7,0,0,6,4
571,15,0,0,0,0,0,1,0,9,0,2,22,7,0,26,10,5,0,0,0,7,0,0,31,4
572,23,1,0,0,6,0,1,12,35,6,24,16,5,0,11,17,7,0,0,0,26,0,0,33,5
573,15,0,0,0,0,0,1,20,60,6,0,0,7,0,7,18,5,0,0,0,41,0,0,31,4
574,23,1,0,0,6,0,1,0,53,0,0,16,5,0,3,17,7,0,0,0,40,0,0,16,23
575,15,0,0,0,0,0,1,36,107,0,0,0,15,0,11,18,10,0,0,0,7,0,0,6,4
576,9,0,0,0,0,0,1,4,110,0,0,16,15,0,16,30,27,0,0,9,14,0,0,5,3
577,9,0,0,0,0,0,1,4,110,13,0,16,15,0,16,30,27,0,0,9,14,0,0,5,3
578,37,0,0,0,0,0,0,0,0,0,21,0,0,0,19,21,22,0,0,0,22,0,0,42,21
579,37,0,0,0,0,0,0,10,221,0,0,0,0,0,6,6,0,0,0,0,22,0,0,25,21
580,15,0,0,0,0,0,1,0,9,0,2,22,7,0,7,10,5,0,0,0,28,0,0,6,4
581,6,0,0,0,0,1,0,12,58,0,0,0,2,0,6,6,10,0,0,0,33,0,0,21,1
582,6,0,3,4,2,0,1,28,47,4,0,0,11,0,0,22,0,0,3,0,12,0,0,15,3
583,34,0,0,0,0,0,1,58,133,0,0,0,15,0,0,0,0,0,0,21,14,0,12,5,3
584,29,0,0,0,0,0,1,51,253,0,0,0,7,0,1,0,10,0,0,0,7,0,12,6,4
585,11,0,3,4,2,0,5,0,6,4,7,5,3,0,8,9,25,1,3,5,9,0,0,36,27
586,11,2,3,4,2,0,5,0,6,4,7,5,3,0,8,9,25,1,3,5,9,0,0,13,13
587,13,2,3,4,2,0,5,0,16,4,10,27,3,0,15,3,30,1,3,0,6,0,0,8,9
588,10,2,3,4,2,0,5,0,6,4,30,5,3,0,8,9,25,1,3,5,9,0,0,13,9
589,10,2,3,4,2,0,5,0,109,4,0,1,3,0,8,9,25,1,3,0,9,0,0,36,27
590,13,2,3,4,2,0,5,0,16,4,10,27,3,0,15,3,30,1,3,5,6,0,0,8,9
591,34,0,0,0,0,0,1,0,0,0,1,0,7,0,6,17,6,0,0,0,7,0,0,47,16
592,11,2,3,4,2,0,5,0,6,4,7,5,3,0,8,9,37,1,3,5,9,0,0,13,13
593,11,2,3,4,2,0,5,123,180,4,0,5,3,0,8,0,25,1,3,5,9,0,0,13,13
594,11,2,3,4,2,0,5,7,37,4,7,1,3,0,8,9,37,1,3,5,9,0,0,13,13
595,11,2,3,4,2,0,5,122,55,4,0,1,3,0,8,0,25,1,3,5,9,0,0,13,13
596,13,2,3,4,2,0,5,84,37,4,0,1,3,0,34,9,0,1,3,5,9,0,0,11,13
597,22,2,3,4,2,0,5,121,235,2,0,1,3,0,0,0,0,1,3,5,9,0,6,8,9
598,11,2,3,4,2,0,5,7,37,4,0,0,3,0,0,0,0,1,3,5,9,0,34,13,13
599,10,2,3,4,2,0,5,0,7,4,35,7,11,0,40,36,30,1,3,5,12,0,0,11,12
600,10,2,3,4,2,0,5,0,7,4,19,7,11,0,21,22,13,1,3,5,12,0,0,11,12
601,10,2,3,4,2,0,5,0,7,4,35,7,11,0,21,22,13,1,3,5,12,0,0,11,12
602,13,2,3,4,2,0,5,0,16,4,10,27,3,0,15,3,30,1,3,5,6,0,0,8,9
603,11,2,3,4,2,0,5,167,109,4,0,0,3,0,8,9,25,1,3,5,9,0,0,13,13
604,11,2,3,4,2,0,5,188,157,4,0,1,3,0,0,0,0,1,3,5,9,0,0,13,13
605,13,2,3,4,2,0,5,139,254,4,10,27,3,0,15,3,30,1,3,5,6,0,0,8,9
606,5,1,2,2,3,0,3,0,10,5,9,9,9,0,9,26,9,7,1,2,11,0,0,9,10
607,3,0,3,4,2,0,0,33,18,5,32,36,0,0,28,27,31,0,0,0,27,0,0,15,22
608,15,0,0,0,0,0,1,108,137,0,0,1,7,0,7,18,5,0,0,0,33,0,0,6,4
609,38,4,3,4,7,0,0,7,36,4,37,30,0,0,35,27,4,0,0,0,18,0,0,35,26
610,13,2,3,4,2,0,5,7,24,4,10,33,3,0,15,3,14,1,3,5,6,0,0,8,9
611,15,0,0,0,0,0,1,21,105,4,2,18,7,0,7,10,5,0,0,0,36,0,0,6,4
612,2,5,3,7,2,0,0,4,19,5,36,35,16,0,39,34,38,11,0,0,21,0,0,15,3
613,1,1,2,0,6,0,1,131,30,6,0,2,5,0,1,0,0,0,1,0,32,0,0,26,5
614,13,1,3,4,2,0,5,0,16,4,10,33,3,0,15,3,14,1,3,0,6,0,0,8,9
615,40,0,0,0,0,0,0,0,13,5,1,0,0,0,19,21,22,0,0,0,22,0,0,22,21
616,36,0,0,0,0,0,0,0,106,0,0,0,0,0,19,21,22,0,0,0,37,0,0,22,21
617,10,2,3,4,2,0,5,0,26,4,30,0,3,0,34,3,14,1,3,5,37,0,0,8,9
618,10,2,3,4,2,0,5,0,7,4,19,7,11,0,21,22,13,1,3,5,12,0,0,11,12
619,7,1,4,3,4,0,4,0,3,1,3,25,6,0,30,12,2,4,1,4,2,0,0,4,24
620,10,2,3,4,2,0,5,0,7,4,35,7,11,0,21,22,13,1,3,5,12,0,0,11,12
621,10,2,3,4,2,0,5,0,7,4,35,7,11,0,21,22,13,1,3,5,12,0,0,11,12
622,11,2,3,4,2,0,5,168,136,4,0,0,3,0,0,0,0,1,3,22,9,0,1,13,13
623,10,2,3,4,2,0,5,7,26,4,30,0,3,0,34,3,14,1,3,5,6,0,0,8,9
624,10,2,3,4,2,0,5,136,250,4,0,0,11,0,21,22,13,1,3,5,12,0,0,11,12
625,10,2,3,4,2,0,5,7,24,4,30,33,3,0,15,3,14,1,3,5,6,0,0,8,9
626,13,2,3,4,2,0,5,7,24,4,30,33,3,0,15,3,14,1,3,5,6,0,0,8,9
627,10,2,3,4,2,0,5,169,262,4,19,7,11,0,21,22,13,1,3,5,12,0,0,11,12
628,4,1,2,2,3,0,3,0,10,1,9,9,9,0,9,26,9,7,1,2,11,0,0,9,10
629,4,1,2,2,3,0,3,18,59,5,0,1,9,0,9,32,9,7,1,2,11,0,0,9,10
630,7,1,4,3,4,0,4,0,3,1,3,4,6,0,30,12,2,4,1,4,2,0,0,4,8
631,4,1,2,2,3,0,3,190,181,5,0,0,9,0,1,0,0,7,1,0,11,0,24,9,10
632,5,1,2,2,3,0,3,0,10,1,9,9,9,0,9,26,9,7,1,2,11,0,0,9,10
633,15,0,0,0,0,0,1,20,60,0,2,1,7,0,7,18,5,0,0,0,28,0,0,6,4
634,6,0,0,0,0,0,0,0,0,0,1,0,0,0,6,6,6,0,0,0,0,0,0,7,1
635,6,0,0,0,0,0,0,0,0,0,1,0,0,0,6,6,4,0,0,0,34,0,0,7,1
636,34,0,0,0,0,0,1,0,46,6,1,1,0,0,6,17,4,0,0,0,0,0,0,40,1
637,39,1,0,0,6,0,1,0,4,6,17,0,20,0,11,17,7,0,0,0,38,0,0,26,23
638,14,3,5,5,5,1,6,1,97,3,18,23,1,1,14,14,3,3,4,3,16,1,0,1,2
639,14,3,5,5,5,1,6,1,97,3,18,23,1,1,14,14,3,3,4,3,3,1,0,1,2
640,4,1,2,2,3,0,3,0,17,3,39,17,2,0,5,4,8,0,1,2,24,0,0,3,6
641,14,3,5,5,5,1,6,1,1,3,18,23,1,1,14,14,3,3,4,3,3,1,0,1,2
642,14,3,5,5,5,1,6,1,1,3,18,23,1,1,14,14,3,3,4,3,3,1,0,1,2
643,14,3,5,5,5,1,6,1,104,3,0,3,1,1,4,13,23,3,4,3,16,1,0,1,2
644,14,3,5,5,5,1,6,1,104,3,0,3,1,1,4,13,23,3,4,3,3,1,0,1,18
645,14,3,5,5,5,1,6,1,191,3,0,3,1,1,0,0,0,3,4,3,3,1,0,1,2
646,14,3,5,5,5,1,6,1,92,3,0,1,1,1,4,5,23,3,4,3,16,1,0,1,2
647,14,3,5,5,5,1,6,1,207,3,0,0,1,1,29,14,3,3,4,3,23,1,0,1,2
648,16,4,6,6,7,0,7,3,12,0,13,14,14,0,17,19,18,9,5,7,15,0,0,12,17
649,16,4,6,6,7,0,7,3,12,0,13,14,14,0,17,19,18,9,5,7,15,0,0,12,17
650,17,4,6,6,7,0,7,3,260,7,0,0,14,0,1,0,0,9,5,6,10,0,35,10,14
651,10,2,3,4,2,0,5,0,7,4,19,7,11,0,21,22,13,1,3,5,12,0,0,11,12
652,10,2,3,4,2,0,5,0,7,4,19,7,11,0,21,22,13,1,3,5,12,0,0,11,12
653,10,2,3,4,2,0,5,0,7,4,19,7,11,0,21,22,13,1,3,5,12,0,0,11,12
654,37,0,0,0,0,0,0,10,13,0,21,29,0,0,19,21,22,6,0,0,22,0,0,22,21
655,8,0,0,0,0,0,0,5,14,0,14,13,13,0,13,16,19,10,0,0,13,0,0,19,11
656,10,2,3,4,2,0,5,0,7,4,19,7,11,0,21,22,13,1,3,5,12,0,0,11,12
657,15,0,0,0,0,0,1,35,111,6,2,0,7,0,7,10,5,0,0,0,7,0,0,6,4
658,37,0,0,0,0,0,0,10,13,0,21,29,0,0,19,21,22,6,0,0,22,0,0,22,21
659,37,0,0,0,0,0,0,10,13,0,21,29,0,0,19,21,22,6,0,0,22,0,0,22,21
660,37,0,0,0,0,0,0,10,13,0,21,29,0,0,19,21,22,6,0,0,22,0,0,22,21
661,27,0,0,0,0,0,0,5,188,5,0,1,13,0,0,0,0,10,0,0,39,0,0,19,11
662,4,1,2,2,3,0,3,0,5,5,4,26,2,0,5,23,8,0,1,2,5,0,0,3,6
663,20,1,5,5,3,0,6,93,268,2,0,3,9,0,0,0,0,7,4,0,39,0,0,3,6
664,5,1,2,2,3,0,3,120,206,5,0,0,9,0,9,32,0,7,1,0,39,0,0,9,10
665,16,4,6,6,7,0,7,3,12,7,13,14,14,0,17,19,18,9,5,7,15,0,0,12,17
666,15,1,4,3,4,0,4,59,134,6,0,0,5,0,1,0,0,4,1,23,26,0,25,4,8
667,7,1,4,3,4,0,4,16,103,1,0,1,6,0,18,33,2,4,1,4,36,0,0,4,8
668,0,1,4,3,4,0,4,30,33,1,0,0,5,0,1,0,10,5,1,4,26,0,25,2,7
669,23,1,4,3,0,0,1,12,35,6,24,1,7,0,11,18,10,0,0,0,26,0,0,26,23
670,0,1,4,3,4,0,4,8,95,2,0,1,8,0,20,0,29,5,1,4,20,0,0,2,7
671,4,1,2,2,3,0,3,6,25,5,34,24,9,0,12,24,17,0,1,2,25,0,0,20,20
672,22,0,1,1,1,0,2,76,149,2,0,0,4,0,0,0,0,2,2,24,1,0,1,0,0
673,6,0,1,1,1,0,2,13,51,2,28,20,17,0,24,31,15,2,2,0,29,0,0,24,15
674,22,0,1,1,1,0,2,181,203,2,0,20,4,0,24,0,15,2,2,1,1,0,0,24,0
675,22,0,1,1,1,0,2,78,292,2,0,19,4,0,2,20,16,2,2,1,1,0,0,0,0
676,21,0,1,1,1,0,2,97,69,2,0,1,4,0,1,1,15,2,2,1,33,0,0,0,0
677,21,0,1,1,1,0,2,192,264,2,0,0,4,0,0,0,0,2,2,25,1,0,1,0,0
678,20,0,1,1,1,0,2,110,74,2,28,20,17,0,24,31,15,2,2,1,29,0,0,24,0
679,36,0,1,1,1,0,2,0,55,2,0,0,16,0,1,0,17,0,2,0,0,0,0,45,30
680,23,0,0,0,0,0,0,13,56,0,33,1,0,0,6,25,28,0,0,0,38,0,0,21,1
681,4,1,2,2,3,0,3,6,17,5,0,17,2,0,5,4,8,0,1,2,25,0,0,3,6
682,19,0,1,1,1,0,2,0,11,2,8,12,10,0,10,7,12,6,2,1,17,0,0,14,32
683,7,1,4,3,4,0,4,0,3,1,3,25,6,0,38,12,33,4,1,4,2,0,0,30,24
684,0,1,4,3,4,0,4,0,22,1,23,2,8,0,20,11,29,5,1,4,20,0,0,2,25
685,7,1,4,3,4,0,4,0,3,1,3,4,6,0,38,12,33,4,1,4,2,0,0,4,8
686,7,1,4,3,4,0,4,0,3,1,3,4,6,0,30,12,2,4,1,4,2,0,0,30,24
687,7,1,4,3,4,0,4,0,3,1,25,4,6,0,38,12,33,4,1,4,2,0,0,30,24
688,7,1,4,3,4,0,4,0,3,1,3,4,6,0,30,12,2,4,1,4,2,0,0,4,8
689,7,1,4,3,4,0,4,0,3,1,3,4,6,0,30,12,2,4,1,4,2,0,0,4,8
690,7,1,4,3,4,0,4,0,3,1,3,4,6,0,38,12,2,4,1,4,2,0,0,4,8
691,7,1,4,3,4,0,4,0,3,1,3,4,6,0,18,12,2,4,1,4,2,0,0,4,8
692,7,1,4,3,4,0,4,0,3,1,3,4,6,0,30,12,2,4,1,4,2,0,0,4,8
693,7,1,4,3,4,0,4,232,93,1,3,4,6,0,41,12,2,4,1,4,2,0,0,4,8
694,7,1,4,3,4,0,4,180,190,1,0,4,6,0,18,28,2,4,1,4,2,0,0,4,8
695,0,1,4,3,4,0,4,0,15,1,27,10,8,0,22,11,24,5,1,4,19,0,0,2,7
696,0,1,4,3,4,0,4,0,95,1,23,10,8,0,20,11,29,5,1,4,20,0,0,2,7
697,41,1,0,0,6,0,0,34,85,6,0,30,5,0,3,16,21,0,0,0,39,0,0,17,23
698,37,0,0,0,0,0,0,10,13,0,21,29,0,0,19,21,22,6,0,0,22,0,0,22,21
699,3,0,0,0,2,0,0,0,18,0,32,36,0,0,28,27,31,0,0,0,27,0,0,15,22
700,0,1,4,3,4,0,4,8,22,1,23,10,8,0,20,11,29,5,1,4,20,0,0,2,7
701,27,0,0,0,0,0,0,143,267,0,0,0,13,0,13,16,4,0,0,0,34,0,0,32,11
702,27,0,0,0,0,0,0,159,234,0,0,0,13,0,6,0,0,0,0,0,13,0,0,32,11
703,4,1,2,2,3,0,3,0,5,3,39,17,2,0,5,4,8,0,1,2,24,0,0,3,28
704,2,5,3,7,2,0,0,4,19,1,36,35,16,0,39,34,38,11,0,0,21,0,0,15,3
705,3,0,3,4,2,0,0,0,0,5,32,36,0,0,28,27,31,0,0,0,27,0,0,15,22
706,15,0,0,0,0,0,1,0,9,0,2,22,7,0,7,18,5,0,0,0,7,0,0,6,4
707,23,0,0,0,0,0,0,150,79,0,0,1,0,0,6,0,0,0,0,0,21,0,0,15,1
708,15,0,0,0,0,0,1,35,111,0,2,3,7,0,7,18,5,0,0,0,28,0,0,6,4
709,16,4,6,6,7,0,7,3,12,0,13,14,14,0,17,19,18,9,5,7,15,0,0,12,17
710,16,4,6,6,7,0,7,3,12,0,13,14,14,0,17,19,18,9,5,7,15,0,0,12,17
711,4,1,2,2,3,0,3,0,5,5,4,26,2,0,5,23,8,0,1,2,5,0,0,3,6
712,27,0,4,3,0,0,0,173,70,1,0,1,0,0,1,0,0,0,0,0,18,0,0,7,1
713,15,0,0,0,0,0,1,0,9,0,2,22,7,0,26,10,5,0,0,0,7,0,0,31,4
714,4,1,2,2,3,0,3,83,142,1,0,1,9,0,1,32,0,7,1,2,11,0,0,9,10
715,27,0,0,0,0,0,0,26,112,0,0,1,0,0,1,0,0,0,0,0,34,0,7,7,1
716,15,0,0,0,0,0,1,187,23,6,0,1,15,0,11,18,10,0,0,0,35,0,0,5,3
717,17,0,1,1,1,0,2,79,198,2,0,0,4,0,0,0,15,2,2,1,29,0,0,0,15
718,13,1,3,4,6,0,1,32,87,4,0,0,5,0,3,2,14,0,3,0,27,0,0,8,5
719,16,4,6,6,7,0,7,3,12,7,13,14,14,0,17,19,18,9,5,7,15,0,0,12,17
720,21,11,2,2,7,0,3,50,65,0,0,30,26,0,0,0,0,24,1,26,27,0,19,12,19
721,9,0,0,0,0,0,1,4,21,8,38,41,19,0,16,29,27,13,0,0,28,0,0,5,3
722,19,0,1,1,1,0,2,11,11,2,8,12,10,0,10,7,12,6,2,1,35,0,0,14,19
723,16,4,6,6,7,0,7,3,261,0,13,14,14,0,17,19,18,9,5,7,15,0,0,12,17
724,4,1,2,2,3,0,3,0,5,5,25,31,2,0,31,24,8,5,1,2,5,0,0,28,35
725,0,1,2,2,3,0,3,0,20,1,22,17,2,0,5,4,20,5,1,2,24,0,0,28,6
726,4,1,2,2,3,0,3,0,48,1,22,17,2,0,5,24,20,0,1,2,24,0,0,28,28
727,6,1,0,0,6,1,1,12,58,1,0,1,15,0,11,17,10,0,0,0,26,0,0,26,23
728,4,1,2,2,3,0,3,72,17,3,0,17,2,0,0,4,8,0,1,2,24,0,4,3,6
729,4,1,2,2,3,0,3,40,100,5,4,31,2,0,5,4,8,0,1,2,37,0,0,3,6
730,19,0,1,1,1,0,2,70,94,2,0,0,10,0,10,7,12,6,2,1,17,0,0,14,19
731,36,1,0,0,0,0,0,154,224,5,0,0,0,0,1,0,0,0,0,0,36,0,1,22,1
732,4,1,2,2,3,0,3,18,59,3,0,17,2,0,5,4,8,0,1,2,24,0,0,3,6
733,4,1,2,2,3,0,3,25,101,1,0,17,2,0,5,4,8,0,1,2,24,0,0,3,6
734,33,1,2,2,3,0,3,53,17,3,0,17,2,0,0,0,0,0,1,2,24,0,4,3,6
735,4,1,2,2,3,0,3,42,17,3,0,17,2,0,0,0,0,0,1,2,24,0,4,3,6
736,4,1,2,2,3,0,3,55,131,1,0,1,2,0,0,0,0,0,1,27,24,0,4,3,6
737,14,1,2,2,3,0,3,90,270,1,0,1,2,0,0,0,0,0,1,28,24,0,4,3,6
738,15,0,0,0,0,0,1,5,40,6,0,1,13,0,11,18,10,0,0,0,13,0,0,6,4
739,8,0,0,0,0,0,0,5,113,0,14,13,13,0,13,16,19,10,0,0,13,0,0,19,11
740,8,0,0,0,0,0,0,5,14,8,14,13,13,0,13,16,19,10,0,0,13,0,0,19,11
741,8,0,0,0,0,0,0,5,14,0,14,13,13,0,13,16,19,10,0,0,13,0,0,19,11
742,35,0,0,0,2,0,0,5,80,0,0,0,13,0,0,0,0,10,0,0,33,0,13,19,11
743,15,0,0,0,0,0,1,0,9,0,2,18,7,0,7,10,5,0,0,0,7,0,0,6,4
744,15,0,0,0,0,0,1,21,9,3,2,18,7,0,7,10,5,0,0,0,7,0,0,6,4
745,15,0,0,0,0,0,1,163,217,0,0,18,7,0,0,18,0,0,0,0,7,0,14,6,4
746,15,0,0,0,0,0,1,39,121,9,0,16,27,0,7,18,0,19,0,10,14,0,14,6,4
747,37,0,0,0,0,0,0,10,13,0,21,29,0,0,19,21,22,6,0,0,22,0,0,22,21
748,9,0,0,0,0,0,1,31,98,10,0,1,15,0,0,0,0,0,0,29,14,0,1,5,3
749,1,1,0,0,6,0,1,0,53,6,0,2,5,0,3,17,7,0,0,0,40,0,0,16,5
750,1,1,0,0,6,0,4,0,49,6,0,2,8,0,20,25,29,0,0,0,20,0,0,17,29
751,6,8,0,0,6,0,1,23,114,6,0,2,5,0,11,17,7,16,0,0,32,0,0,16,5
752,1,1,0,0,6,0,1,17,4,6,17,8,5,0,3,2,7,0,0,0,4,0,0,17,5
753,12,2,3,4,2,0,5,7,26,4,30,1,3,0,34,3,14,1,3,5,6,0,0,8,9
754,3,1,4,3,2,0,0,104,18,5,32,1,0,0,28,27,31,0,0,0,27,0,0,15,22
755,22,0,1,4,2,0,5,197,129,2,0,1,24,0,0,0,0,2,3,1,7,0,6,19,3
756,15,0,0,0,0,0,1,127,272,0,0,0,7,0,0,18,10,0,0,0,7,0,12,6,4
757,15,0,0,0,0,0,1,21,105,3,0,3,7,0,7,18,5,0,0,0,36,0,0,6,4
758,4,1,2,2,3,0,3,37,115,5,0,0,25,0,12,4,17,20,1,11,25,0,0,20,20
759,36,0,0,0,0,0,0,74,106,0,0,0,0,0,1,0,22,0,0,0,37,0,0,22,21
760,36,0,0,0,0,0,0,234,225,0,0,0,0,0,1,0,0,0,0,0,36,0,0,22,1
761,6,1,4,3,4,0,4,177,237,1,0,2,2,0,1,0,0,4,1,2,32,0,2,2,6
762,7,1,0,0,0,0,0,198,135,5,0,1,0,0,1,0,0,0,0,30,0,0,2,5,1
763,23,0,0,0,0,0,0,0,46,0,0,0,0,0,26,6,4,0,0,0,0,0,0,7,1
764,4,1,2,2,0,0,3,170,30,5,0,0,0,0,1,0,0,5,0,0,40,0,0,3,6
765,8,0,0,0,0,0,0,5,113,0,14,13,13,0,13,16,19,10,0,0,13,0,0,19,11
766,40,0,0,0,0,0,0,10,75,0,1,0,0,0,19,21,22,0,0,0,22,0,0,22,21
767,31,0,0,0,0,0,0,13,46,6,1,1,0,0,6,6,4,0,0,0,0,0,0,7,1
768,2,5,3,7,2,0,0,4,19,5,36,35,16,0,39,34,38,11,0,0,21,0,0,15,3
769,4,1,2,2,3,0,3,40,100,1,4,0,2,0,12,4,8,0,1,2,5,0,0,3,6
770,2,5,3,7,2,0,0,4,19,5,36,35,16,0,39,34,38,11,0,0,21,0,0,15,3
771,4,1,2,2,3,0,3,18,59,6,4,1,2,0,5,4,8,0,1,2,5,0,0,3,6
772,15,0,0,0,0,0,0,199,273,0,0,0,0,0,1,0,0,0,0,31,22,0,1,7,1
773,31,12,0,0,6,0,1,20,60,2,0,0,5,0,11,0,10,0,0,0,17,0,0,16,5
774,15,3,5,5,5,0,6,60,146,3,0,3,7,1,0,18,10,3,0,3,28,0,0,6,4
775,1,6,4,3,4,0,4,9,108,1,0,38,18,0,1,35,35,12,1,8,31,0,0,2,7
776,4,4,2,2,3,0,3,6,242,5,0,24,25,0,1,0,17,0,1,2,25,0,26,20,20
777,4,13,2,2,3,0,3,80,150,5,0,24,25,0,0,0,17,25,0,32,25,0,20,20,20
778,16,4,6,6,7,0,7,3,263,0,0,0,14,0,17,19,18,9,5,7,15,0,0,12,17
779,15,0,0,0,0,0,1,64,158,6,0,0,7,0,7,18,5,0,0,0,28,0,0,6,4
780,4,0,0,0,0,0,0,171,161,0,0,1,0,0,1,0,0,0,0,33,0,0,1,7,1
781,26,0,4,3,0,0,4,13,56,7,33,1,0,0,6,25,28,0,2,0,35,0,0,37,16
782,4,1,2,2,3,0,3,113,141,0,0,1,2,0,12,4,0,0,1,0,5,0,0,24,6
783,35,0,0,0,0,0,0,200,178,0,0,0,0,0,23,6,6,0,0,0,0,0,0,7,1
784,5,1,2,2,3,0,3,226,82,5,0,1,9,0,9,32,9,7,1,2,11,0,0,9,10
785,20,0,1,1,1,0,2,24,88,2,28,20,17,0,24,31,15,2,2,1,29,0,0,24,0
786,20,0,1,1,1,0,2,183,172,2,0,1,17,0,0,0,0,2,2,34,29,0,1,0,0
787,20,0,1,1,1,0,2,68,29,2,28,20,17,0,24,31,15,2,2,1,29,0,0,24,0
788,8,0,0,0,0,0,0,5,177,0,0,1,13,0,0,16,19,10,0,35,13,0,36,19,11
789,9,0,0,0,0,1,1,4,21,3,38,41,19,0,16,29,27,13,0,0,14,0,0,5,3
790,9,0,0,0,0,0,1,4,21,0,38,41,19,0,16,29,27,13,0,0,28,0,0,5,3
791,4,1,2,2,3,0,3,0,5,5,4,26,2,0,5,23,8,0,1,2,5,0,0,3,6
792,4,1,2,2,3,0,3,201,185,5,0,1,9,0,0,0,0,1,1,0,11,0,20,9,10
793,5,1,2,2,3,0,3,6,82,5,0,0,9,0,9,32,9,7,1,2,11,0,0,9,10
794,6,1,2,2,3,1,3,12,139,1,0,1,9,0,1,0,10,7,1,2,26,0,21,9,10
795,13,2,3,4,2,0,5,69,200,4,0,0,3,0,0,0,0,1,3,0,6,0,15,8,9
796,16,0,1,4,2,0,5,191,274,2,0,20,23,0,0,0,0,1,2,1,8,0,8,8,0
797,22,5,3,7,2,0,0,4,201,2,0,35,16,0,0,0,0,11,3,0,21,0,15,15,3
798,9,0,3,4,2,0,5,82,151,2,0,20,17,0,0,0,0,1,3,36,6,0,8,5,0
799,16,4,6,6,7,0,7,3,12,14,13,14,14,0,17,19,18,9,5,7,15,0,0,12,17
800,16,4,6,6,7,0,7,3,12,0,13,14,14,0,17,19,18,9,5,7,15,0,0,12,17
801,16,4,6,6,7,0,7,3,163,1,0,0,14,0,17,19,18,9,5,7,15,0,0,12,17
802,1,4,1,1,1,0,2,14,28,2,0,39,21,0,25,1,36,2,2,37,30,0,0,0,0
803,7,1,4,3,4,0,4,176,231,1,0,2,6,0,18,28,2,4,1,4,32,0,0,4,8
804,24,7,0,0,6,0,1,15,116,6,0,0,20,0,11,17,10,14,0,12,38,0,0,26,1
805,24,10,1,1,6,0,2,38,117,2,0,0,37,0,11,17,15,21,2,1,1,0,0,21,3
806,19,0,1,1,1,0,2,133,11,2,8,12,10,0,10,7,12,6,2,1,17,0,0,14,19
807,4,0,0,0,0,0,0,102,173,0,0,1,0,0,1,0,0,0,0,0,34,0,7,7,1
808,10,14,0,0,0,0,0,158,71,0,0,1,39,0,1,0,0,26,0,38,34,4,7,12,3
809,6,0,0,0,0,0,0,151,275,0,0,1,32,0,1,0,0,0,0,39,34,0,7,5,1
810,6,15,0,0,0,0,0,172,71,0,0,1,32,0,1,0,0,27,0,40,34,5,7,12,3
811,8,0,0,0,0,0,0,5,70,0,0,1,13,0,13,16,19,10,0,0,13,0,0,32,11
812,10,2,3,4,2,0,5,100,152,4,0,1,11,0,0,0,0,1,3,5,39,0,13,11,12
813,10,2,3,4,2,0,5,202,126,4,0,0,11,0,0,0,0,1,3,5,12,0,13,11,12
814,13,2,3,4,2,0,5,125,199,4,0,0,3,0,0,0,0,1,3,5,6,0,22,8,9
815,13,2,3,4,2,0,5,7,16,4,10,33,3,0,15,3,14,1,3,5,6,0,0,8,9
816,13,2,3,4,2,0,5,7,256,4,0,33,3,0,15,0,14,1,3,5,6,0,0,8,9
817,22,2,3,4,2,0,5,7,24,4,10,33,3,0,15,3,14,1,3,5,6,0,0,8,9
818,6,1,3,4,2,0,0,7,24,4,0,2,3,0,28,27,14,0,0,0,34,0,0,15,27
819,6,7,0,0,6,0,1,15,43,0,0,0,20,0,11,17,10,14,0,0,38,0,0,26,16
820,31,1,0,0,6,0,1,48,214,0,0,0,5,0,1,0,0,0,0,0,36,0,9,7,1
821,24,0,0,0,0,0,0,203,67,0,0,0,0,0,1,0,0,0,0,41,36,0,9,7,1
822,17,0,0,0,0,0,0,3,255,0,0,30,14,0,35,0,0,0,0,0,36,0,9,12,17
823,9,16,0,0,0,0,0,204,67,0,0,0,40,0,1,0,0,28,0,42,36,6,9,21,3
824,0,1,4,3,4,0,4,8,22,1,25,2,8,0,31,11,29,5,1,4,20,0,0,2,7
825,4,1,2,2,3,0,3,0,5,1,4,26,2,0,5,23,8,0,1,2,5,0,0,3,6
826,4,1,2,2,3,0,3,6,51,6,0,24,2,0,12,4,17,0,1,2,25,0,0,20,20
827,4,17,2,2,3,0,3,175,75,3,0,0,13,0,0,4,0,0,1,0,40,0,0,20,11
828,4,18,2,2,3,0,3,205,81,5,0,1,41,0,5,0,0,29,6,43,40,7,27,3,20
829,0,1,4,3,4,0,4,96,81,1,0,2,8,0,1,0,0,5,1,4,20,0,16,2,7
830,22,0,1,1,1,0,2,86,72,2,0,20,24,0,0,0,15,2,2,1,1,0,0,0,0
831,0,1,4,3,4,0,4,8,22,1,23,2,8,0,20,25,29,5,1,4,20,0,0,2,29
832,4,2,5,5,5,0,6,126,228,4,0,3,3,0,0,0,0,3,4,0,27,0,5,13,9
833,2,5,3,7,2,0,0,4,63,5,36,35,16,0,39,34,38,11,0,44,21,0,15,15,3
834,21,0,1,1,1,0,2,81,218,2,0,1,4,0,0,0,0,2,2,45,8,0,1,0,0
835,21,0,1,1,1,0,2,87,153,2,0,1,4,0,0,0,0,2,2,46,8,0,1,0,0
836,17,4,6,6,7,0,7,2,232,7,0,0,12,0,36,8,11,8,5,6,10,0,0,10,14
837,17,4,6,6,7,0,7,2,257,7,0,1,12,0,27,8,11,8,5,6,10,0,0,10,14
838,17,4,6,6,7,0,7,2,236,7,0,0,12,0,27,8,11,8,5,6,10,0,0,10,14
839,14,3,5,5,5,1,6,1,27,3,26,3,1,1,29,14,3,3,4,3,16,1,0,1,2
840,27,0,0,0,0,0,0,26,112,0,0,1,0,0,6,6,4,0,0,0,0,0,0,7,1
841,27,0,0,0,0,0,0,19,61,0,0,2,0,0,6,6,4,15,0,0,0,0,0,7,1
842,15,0,0,0,0,0,0,115,76,0,0,1,0,0,1,0,0,0,0,47,0,0,1,7,1
843,15,1,0,0,3,0,1,44,40,6,0,0,7,0,1,0,10,7,0,0,11,0,24,6,4
844,0,1,4,3,4,0,4,8,22,1,23,2,8,0,20,11,29,5,1,4,20,0,0,2,7
845,0,1,4,3,4,0,4,9,123,1,22,2,8,0,22,11,24,5,1,4,19,0,0,23,25
846,23,0,0,0,0,0,0,165,38,0,0,1,0,0,1,0,0,0,0,0,33,0,0,22,1
847,1,6,4,3,4,0,4,9,34,1,0,38,18,0,20,35,35,12,1,8,31,0,0,2,7
848,23,0,4,3,0,0,4,8,233,3,0,0,8,0,1,0,0,0,0,0,31,0,0,2,1
849,0,1,4,3,4,0,4,8,118,1,23,2,8,0,20,11,29,5,1,4,19,0,0,2,7
850,7,1,4,3,4,0,4,186,183,1,0,4,6,0,18,28,2,4,1,4,2,0,10,4,8
851,7,1,4,3,4,0,4,152,66,1,0,4,6,0,18,28,2,4,1,4,32,0,0,4,8
852,7,1,4,3,4,0,4,185,197,1,0,4,6,0,1,28,2,4,1,4,32,0,10,4,8
853,0,1,4,3,4,0,4,129,277,1,0,1,6,0,1,0,0,4,1,48,2,0,10,4,8
854,0,1,4,3,4,0,4,9,15,1,27,10,8,0,22,11,24,5,1,4,19,0,0,2,7
855,19,0,1,1,1,0,2,0,11,2,8,12,10,0,10,7,12,6,2,1,17,0,0,14,19
856,19,0,1,1,1,0,2,11,11,2,8,12,10,0,10,7,12,6,2,1,35,0,0,14,19
857,19,0,1,1,1,0,2,11,11,2,8,12,10,0,10,7,12,6,2,1,35,0,0,14,19
858,19,0,1,1,1,0,2,206,78,2,0,1,10,0,10,7,0,6,2,49,17,0,37,14,19
859,17,4,6,6,7,0,7,2,168,7,0,1,12,0,1,0,0,8,5,6,10,0,0,10,14
860,13,2,4,3,2,0,4,207,194,4,0,1,3,0,0,0,0,1,3,0,18,0,17,8,9
861,15,0,0,0,0,0,1,36,107,6,0,3,7,0,7,18,10,0,0,0,7,0,0,6,4
862,24,1,4,3,0,0,4,161,258,1,0,1,0,0,1,0,0,0,0,0,34,0,17,7,1
863,0,1,4,3,6,0,4,174,276,1,0,1,8,0,1,0,0,0,5,4,35,0,17,2,7
864,21,1,4,3,6,0,4,45,127,0,0,1,0,0,1,0,0,0,0,0,18,0,17,7,1
865,35,1,0,0,2,0,1,52,271,6,0,1,5,0,11,0,0,0,0,0,34,0,28,16,5
866,23,7,0,0,6,0,1,15,116,0,0,1,20,0,11,0,10,14,0,12,38,0,0,5,1
867,4,1,2,2,3,0,3,71,90,6,0,0,2,0,5,4,8,0,1,2,35,0,0,3,28
868,4,1,2,2,3,0,3,6,48,5,0,24,2,0,12,24,17,0,1,2,25,0,0,20,20
869,31,0,3,4,2,0,5,116,176,4,0,1,3,0,0,0,0,1,3,50,6,0,1,7,13
870,9,0,0,0,0,0,6,162,32,0,0,16,15,0,16,0,0,0,0,0,14,0,5,5,3
871,1,1,4,3,4,0,4,9,57,1,0,38,18,0,31,35,35,12,1,4,31,0,0,2,7
872,1,1,4,3,6,0,1,54,83,1,0,31,5,0,1,0,10,0,1,0,19,0,0,17,7
873,7,1,4,3,4,0,4,16,120,1,0,0,6,0,18,28,2,4,1,4,2,0,0,4,8
874,0,1,4,3,4,0,4,8,223,1,0,10,8,0,20,0,0,5,1,4,19,0,0,2,7
875,7,1,4,3,4,0,4,128,209,1,0,1,6,0,18,28,2,4,1,4,2,0,0,4,8
876,4,1,2,2,3,0,3,85,17,3,0,17,2,0,5,4,8,0,1,2,24,0,0,3,6
877,15,0,0,0,0,0,1,153,208,17,0,0,7,0,7,18,5,30,0,51,28,0,38,6,4
878,15,0,0,0,0,0,1,130,192,0,0,0,7,0,0,18,0,0,0,0,28,0,14,6,4
879,16,4,6,6,7,0,7,3,155,0,0,0,14,0,1,0,18,9,5,7,15,0,29,12,17
880,15,0,0,0,0,0,1,3,147,3,0,0,7,0,7,18,10,0,0,0,33,0,0,6,4
881,41,0,0,0,0,0,1,65,138,6,0,1,7,0,1,0,0,0,0,52,7,0,12,5,3
882,0,1,4,3,4,0,4,13,42,1,0,10,8,0,1,25,0,5,1,4,19,0,23,2,7
883,0,1,4,3,4,0,4,213,278,1,0,1,8,0,1,0,0,5,1,53,31,0,23,2,7
884,0,1,4,3,4,0,4,114,187,1,0,2,8,0,1,0,0,5,1,4,32,0,2,2,7
885,0,1,4,3,4,0,4,8,118,1,0,10,8,0,20,11,0,5,1,4,19,0,23,2,7
886,4,1,2,2,3,0,3,89,77,5,0,1,2,0,12,0,17,7,1,54,11,0,22,3,20
887,26,1,2,2,3,0,3,156,279,20,0,0,9,0,1,0,0,7,1,2,18,0,16,9,10
888,4,1,2,2,3,0,3,66,166,19,0,1,9,0,1,0,0,7,1,2,11,0,16,9,10
889,23,1,0,0,6,0,1,15,54,6,0,1,20,0,11,17,10,14,0,0,26,0,0,26,5
890,19,0,1,1,1,0,2,208,76,2,0,0,10,0,10,7,12,6,2,1,41,0,0,14,19
891,19,0,1,1,1,0,2,132,78,2,0,1,10,0,10,7,12,6,2,55,17,0,30,14,19
892,21,19,1,1,1,0,2,118,72,2,0,20,23,0,0,0,0,31,2,56,8,8,8,0,0
893,21,0,1,1,1,0,2,107,212,2,0,0,23,0,0,0,0,2,2,57,8,0,8,0,0
894,21,0,1,1,1,0,2,91,280,2,0,0,23,0,0,0,0,2,2,58,8,0,8,0,0
895,1,1,0,0,6,0,1,105,210,6,0,0,5,0,0,0,0,0,0,59,4,0,1,5,1
896,23,2,0,0,6,0,0,13,56,0,0,1,5,0,3,25,28,0,0,0,38,0,0,16,1
897,22,0,1,1,1,0,2,103,99,2,0,0,15,0,0,0,15,32,2,60,1,0,39,24,0
898,23,1,0,0,6,1,1,12,58,1,0,1,15,0,11,0,10,0,0,0,26,0,21,7,1
899,7,1,4,3,4,0,4,16,120,1,0,1,6,0,18,28,2,4,1,4,2,0,0,4,8
900,0,1,4,3,4,0,4,179,238,1,0,0,8,0,1,0,0,5,1,61,20,0,16,2,7
901,6,1,2,2,3,0,3,6,140,1,0,1,8,0,1,24,17,5,1,4,25,0,31,2,20
902,21,0,1,1,1,0,2,49,130,2,0,0,10,0,0,0,0,6,2,62,17,0,1,14,19
903,19,0,1,1,1,0,2,134,269,2,0,0,10,0,0,0,0,6,2,63,17,0,30,14,19
904,6,0,0,0,0,0,0,13,51,1,0,0,0,0,6,28,0,0,0,0,0,0,0,7,1
905,4,1,2,2,3,0,3,195,144,16,4,0,2,0,5,4,8,0,1,2,5,0,0,3,6
906,31,0,0,0,0,0,0,196,246,0,0,0,13,0,0,0,0,10,0,64,13,0,11,19,11
907,6,0,0,0,0,0,0,160,196,0,0,0,13,0,0,0,0,10,0,65,13,0,11,19,11
908,22,2,3,4,2,0,5,7,247,2,0,33,3,0,0,0,0,1,3,5,6,0,6,8,9
909,10,2,3,4,2,0,5,209,186,4,0,0,11,0,0,0,0,1,3,66,12,0,1,11,12
910,17,0,6,6,7,0,7,135,189,0,0,0,12,0,1,0,0,8,5,67,10,0,1,12,14
911,28,20,1,1,1,0,2,210,148,2,0,0,35,0,0,0,15,33,2,68,1,9,40,0,0
912,21,0,1,1,1,0,2,94,159,2,0,0,4,0,0,0,0,2,2,69,1,0,11,0,0
913,4,1,2,2,3,0,3,37,115,5,0,24,25,0,0,0,17,20,1,11,25,0,20,20,20
914,7,1,4,3,4,0,4,211,230,1,0,0,6,0,1,0,0,4,1,70,2,0,10,4,8
915,8,0,0,0,7,0,0,212,248,0,0,0,13,0,0,0,0,10,0,0,13,0,32,7,11
916,38,0,0,0,7,0,0,95,171,0,0,30,13,0,35,0,4,0,0,0,18,0,32,35,11
917,20,0,1,1,1,0,2,24,88,2,0,20,17,0,24,31,15,2,2,71,29,0,41,24,0
918,9,0,0,0,0,0,1,4,21,5,38,41,19,0,16,29,27,13,0,13,28,0,0,5,3
919,9,0,0,0,0,0,1,47,222,5,0,0,19,0,0,0,0,0,0,72,14,0,1,5,3
920,1,1,4,3,4,0,4,189,195,1,0,0,6,0,1,0,0,4,1,73,2,0,1,4,8
921,17,4,6,6,7,0,7,2,244,7,0,0,12,0,1,0,0,8,5,6,10,0,18,10,14
922,9,2,0,0,0,0,1,137,32,5,0,16,27,0,0,29,39,34,0,74,14,0,0,5,3
923,9,0,0,0,0,0,1,39,121,9,0,0,27,0,0,0,0,19,0,10,14,0,29,6,4
924,9,0,0,0,0,0,1,4,21,8,38,41,19,0,16,29,27,13,0,13,28,0,0,5,3
925,9,0,0,0,0,0,1,138,193,8,0,1,15,0,0,0,0,0,0,75,14,0,5,5,3
926,4,1,2,2,3,0,3,6,52,3,0,0,2,1,12,4,17,0,1,2,5,0,0,20,20
927,3,1,2,0,2,0,0,142,79,5,0,36,16,0,28,27,31,0,0,0,21,0,28,15,22
928,5,1,4,3,4,0,4,6,143,1,0,1,8,0,1,0,0,5,1,76,19,0,31,2,7
929,16,4,6,6,7,0,7,3,243,0,0,1,14,0,1,0,0,9,5,77,15,0,9,12,17
930,10,2,3,4,2,0,5,19,61,4,0,0,0,0,34,0,0,15,3,78,6,0,0,8,9
931,1,6,4,3,4,0,4,9,57,4,0,38,18,0,31,35,35,12,1,79,31,0,0,2,7
932,7,1,4,3,4,0,4,16,103,1,0,1,6,0,18,28,2,4,1,80,36,0,0,4,8
933,7,1,4,3,4,0,4,214,128,1,0,1,6,0,1,0,0,4,1,81,2,0,1,4,8
934,6,21,4,3,4,0,4,117,66,1,0,2,22,0,1,0,0,4,1,82,32,10,2,2,7
935,4,1,4,3,4,0,4,215,282,1,0,2,22,0,1,0,0,4,1,83,32,0,2,4,8
936,6,1,4,3,4,0,4,216,283,1,0,2,22,0,1,0,0,4,1,84,32,0,2,4,8
937,4,1,4,3,4,0,4,56,184,1,0,2,22,0,1,0,0,4,1,85,32,0,2,4,8
938,0,1,4,3,4,0,4,57,284,1,0,2,6,0,1,0,0,4,1,86,2,0,1,4,8
939,6,1,4,3,4,0,4,217,285,1,0,0,6,0,1,0,0,4,1,87,2,0,1,4,8
940,7,1,4,3,4,0,4,218,286,1,0,1,6,0,1,0,0,4,1,88,33,0,10,4,8
941,15,1,2,2,3,0,3,119,17,3,0,17,2,0,0,0,0,0,1,2,24,0,4,3,6
942,38,22,0,0,7,0,0,98,65,0,0,30,26,0,35,0,0,35,0,89,18,11,19,12,17
943,38,4,3,4,7,0,0,7,36,0,0,30,26,0,0,0,0,0,0,0,18,0,19,7,1
944,21,0,1,1,1,0,2,99,167,2,0,0,4,0,0,0,0,2,2,90,8,0,1,0,0
945,28,23,1,1,1,0,2,219,68,2,0,1,24,0,0,0,15,36,2,91,1,12,6,0,3
946,28,0,1,1,1,0,2,231,68,2,0,1,24,0,0,0,0,2,2,92,1,0,6,0,0
947,21,24,1,1,1,0,2,194,73,2,0,0,33,0,0,1,15,37,2,93,8,13,3,0,0
948,32,0,1,1,1,0,2,101,73,2,0,0,33,0,0,0,0,2,2,94,8,0,3,0,0
949,32,0,1,1,1,0,2,220,287,2,0,11,4,0,0,1,15,2,2,1,8,0,0,0,0
950,1,6,4,3,4,0,4,9,57,4,0,38,18,0,0,0,0,12,1,95,31,0,1,2,7
951,1,6,4,3,4,0,4,9,288,4,0,38,18,0,0,0,0,12,1,96,31,0,1,2,7
952,1,6,4,3,4,0,4,9,62,1,0,38,34,0,31,35,35,12,1,97,31,0,0,2,7
953,1,6,4,3,4,0,4,9,281,4,0,38,18,0,0,0,0,12,1,98,31,0,1,2,7
954,10,2,3,4,2,0,5,141,204,4,0,0,11,0,0,0,0,1,3,99,12,0,13,11,12
955,14,3,5,5,5,1,6,221,216,3,0,0,1,1,0,0,0,3,4,100,16,1,11,1,2
956,30,25,0,0,0,1,0,222,45,7,0,0,28,0,0,0,0,38,0,101,21,14,18,21,1
957,34,0,0,0,0,1,0,223,45,0,0,0,28,0,0,0,0,0,0,102,21,0,18,5,1
958,30,0,0,0,0,1,0,144,202,0,0,0,28,0,0,0,0,0,0,103,21,0,18,5,1
959,14,3,5,5,5,1,6,145,165,3,0,3,1,1,0,0,0,3,4,3,28,0,5,1,2
960,14,3,5,5,5,1,6,1,220,3,0,1,1,1,29,14,3,3,4,3,3,1,0,1,2
961,4,1,2,2,3,0,3,6,211,5,0,24,2,0,12,0,17,0,1,2,5,0,26,20,20
962,4,1,2,2,3,0,3,88,44,15,4,1,2,0,5,4,8,0,1,2,25,0,0,3,6
963,21,1,0,0,6,0,1,182,252,6,0,2,31,0,1,0,0,0,0,104,18,0,33,4,1
964,23,26,0,0,6,0,1,224,84,6,0,2,31,0,6,0,0,39,0,105,18,15,33,2,3
965,14,3,5,5,5,1,6,166,164,3,0,0,1,1,0,0,0,3,4,106,3,1,1,5,2
966,15,3,5,5,5,1,6,225,259,3,0,1,7,1,0,0,0,3,4,3,23,0,14,6,4
967,21,4,1,1,1,0,2,14,291,2,0,39,21,0,0,0,0,2,2,107,30,0,1,0,0
968,2,5,3,7,2,0,0,4,63,1,0,35,16,0,0,0,0,11,0,108,21,0,15,15,3
969,4,1,2,2,3,0,3,227,77,5,0,0,2,0,0,0,0,0,1,109,5,0,22,3,6
970,4,1,2,2,3,0,3,155,44,11,0,0,2,0,0,0,0,0,1,110,25,0,1,3,6
971,1,2,0,0,6,0,1,228,289,6,0,1,5,0,0,0,0,0,0,111,4,0,1,5,1
972,1,2,0,0,6,0,1,67,124,6,0,1,5,0,0,0,0,0,0,112,4,0,1,5,1
973,30,0,1,1,1,0,2,106,86,2,0,0,17,0,0,0,0,2,2,113,15,0,1,5,0
974,27,0,0,0,0,0,0,19,61,10,0,0,0,0,1,0,0,15,6,114,0,0,1,7,1
975,1,6,4,3,4,0,4,9,62,1,0,0,34,0,1,35,35,12,1,115,31,16,0,2,7
976,4,1,2,2,3,0,3,146,50,1,0,0,2,0,0,0,0,0,1,116,5,0,1,3,6
977,21,27,1,1,1,0,2,27,122,2,0,0,36,0,0,0,15,40,2,117,8,17,21,0,0
978,23,0,0,0,6,0,0,11,91,21,0,1,0,0,1,0,0,0,0,118,18,0,1,0,1
979,6,9,2,2,3,0,3,29,96,2,0,0,30,0,0,0,0,17,2,119,24,0,1,3,0
980,24,10,1,1,6,0,2,38,117,18,0,0,37,0,0,0,15,21,2,120,1,18,27,21,3
981,23,0,0,0,7,0,0,229,54,11,0,0,0,0,1,0,0,0,0,121,18,0,1,5,1
982,2,0,3,0,0,0,1,4,240,3,0,0,16,0,0,0,0,11,0,122,21,0,11,5,3
983,4,1,2,2,3,0,3,6,293,1,0,24,9,0,1,0,0,7,1,123,25,0,1,20,20
984,14,0,5,5,5,0,6,230,290,3,0,3,7,1,0,0,0,3,4,124,28,0,5,5,3
985,9,0,5,5,5,0,6,112,170,3,0,3,7,1,0,0,0,3,4,125,28,0,5,5,3
